Workbook
Name AWARDS_TEAMS: 'AWARDS_DATA'!$A$1:$A$48
Name PLAYERS_MEX: 'AWARDS_DATA'!$B$1:$B$26
Name PLAYERS_RSA: 'AWARDS_DATA'!$C$1:$C$26
Name PLAYERS_KOR: 'AWARDS_DATA'!$D$1:$D$26
Name PLAYERS_CZE: 'AWARDS_DATA'!$E$1:$E$26
Name PLAYERS_CAN: 'AWARDS_DATA'!$F$1:$F$26
Name PLAYERS_SUI: 'AWARDS_DATA'!$G$1:$G$26
Name PLAYERS_QAT: 'AWARDS_DATA'!$H$1:$H$26
Name PLAYERS_BIH: 'AWARDS_DATA'!$I$1:$I$26
Name PLAYERS_BRA: 'AWARDS_DATA'!$J$1:$J$26
Name PLAYERS_MAR: 'AWARDS_DATA'!$K$1:$K$26
Name PLAYERS_SCO: 'AWARDS_DATA'!$L$1:$L$26
Name PLAYERS_HAI: 'AWARDS_DATA'!$M$1:$M$26
Name PLAYERS_USA: 'AWARDS_DATA'!$N$1:$N$26
Name PLAYERS_PAR: 'AWARDS_DATA'!$O$1:$O$26
Name PLAYERS_AUS: 'AWARDS_DATA'!$P$1:$P$26
Name PLAYERS_TUR: 'AWARDS_DATA'!$Q$1:$Q$26
Name PLAYERS_GER: 'AWARDS_DATA'!$R$1:$R$26
Name PLAYERS_CUW: 'AWARDS_DATA'!$S$1:$S$26
Name PLAYERS_CIV: 'AWARDS_DATA'!$T$1:$T$26
Name PLAYERS_ECU: 'AWARDS_DATA'!$U$1:$U$26
Name PLAYERS_NED: 'AWARDS_DATA'!$V$1:$V$26
Name PLAYERS_JPN: 'AWARDS_DATA'!$W$1:$W$26
Name PLAYERS_TUN: 'AWARDS_DATA'!$X$1:$X$26
Name PLAYERS_SWE: 'AWARDS_DATA'!$Y$1:$Y$26
Name PLAYERS_BEL: 'AWARDS_DATA'!$Z$1:$Z$26
Name PLAYERS_EGY: 'AWARDS_DATA'!$AA$1:$AA$26
Name PLAYERS_IRN: 'AWARDS_DATA'!$AB$1:$AB$26
Name PLAYERS_NZL: 'AWARDS_DATA'!$AC$1:$AC$26
Name PLAYERS_ESP: 'AWARDS_DATA'!$AD$1:$AD$26
Name PLAYERS_URU: 'AWARDS_DATA'!$AE$1:$AE$26
Name PLAYERS_KSA: 'AWARDS_DATA'!$AF$1:$AF$26
Name PLAYERS_CPV: 'AWARDS_DATA'!$AG$1:$AG$26
Name PLAYERS_FRA: 'AWARDS_DATA'!$AH$1:$AH$26
Name PLAYERS_SEN: 'AWARDS_DATA'!$AI$1:$AI$26
Name PLAYERS_NOR: 'AWARDS_DATA'!$AJ$1:$AJ$26
Name PLAYERS_IRQ: 'AWARDS_DATA'!$AK$1:$AK$26
Name PLAYERS_ARG: 'AWARDS_DATA'!$AL$1:$AL$26
Name PLAYERS_AUT: 'AWARDS_DATA'!$AM$1:$AM$26
Name PLAYERS_ALG: 'AWARDS_DATA'!$AN$1:$AN$26
Name PLAYERS_JOR: 'AWARDS_DATA'!$AO$1:$AO$26
Name PLAYERS_POR: 'AWARDS_DATA'!$AP$1:$AP$26
Name PLAYERS_COL: 'AWARDS_DATA'!$AQ$1:$AQ$26
Name PLAYERS_UZB: 'AWARDS_DATA'!$AR$1:$AR$26
Name PLAYERS_COD: 'AWARDS_DATA'!$AS$1:$AS$26
Name PLAYERS_ENG: 'AWARDS_DATA'!$AT$1:$AT$26
Name PLAYERS_CRO: 'AWARDS_DATA'!$AU$1:$AU$26
Name PLAYERS_GHA: 'AWARDS_DATA'!$AV$1:$AV$26
Name PLAYERS_PAN: 'AWARDS_DATA'!$AW$1:$AW$26

Sheet Fase de Grupos
B2: GRUPO A | I2: =COUNTA($G$4:$G$9)&"/6" | M2: GRUPO B | T2: =COUNTA($R$4:$R$9)&"/6" | X2: GRUPO C | AE2: =COUNTA($AC$4:$AC$9)&"/6"
B3: ID | C3: Jornada | D3: Fecha | E3: Local | G3: GF | H3: - | I3: GC | K3: Visitante | M3: ID | N3: Jornada | O3: Fecha | P3: Local | R3: GF | S3: - | T3: GC | V3: Visitante | X3: ID | Y3: Jornada | Z3: Fecha | AA3: Local | AC3: GF | AD3: - | AE3: GC | AG3: Visitante
B4: M1 | C4: 1 | D4: 11/06 | E4: México | G4: 2 | H4: – | I4: 0 | K4: Sudáfrica | M4: M3 | N4: 1 | O4: 12/06 | P4: Canadá | S4: – | V4: Bosnia y Herz. | X4: M5 | Y4: 1 | Z4: 14/06 | AA4: Haití | AD4: – | AG4: Escocia
B5: M2 | C5: 1 | D5: 12/06 | E5: Corea del Sur | G5: 2 | H5: – | I5: 1 | K5: República Checa | M5: M8 | N5: 1 | O5: 13/06 | P5: Catar | S5: – | V5: Suiza | X5: M7 | Y5: 1 | Z5: 14/06 | AA5: Brasil | AD5: – | AG5: Marruecos
B6: M25 | C6: 2 | D6: 18/06 | E6: República Checa | H6: – | K6: Sudáfrica | M6: M26 | N6: 2 | O6: 18/06 | P6: Suiza | S6: – | V6: Bosnia y Herz. | X6: M29 | Y6: 2 | Z6: 20/06 | AA6: Brasil | AD6: – | AG6: Haití
B7: M28 | C7: 2 | D7: 19/06 | E7: México | H7: – | K7: Corea del Sur | M7: M27 | N7: 2 | O7: 19/06 | P7: Canadá | S7: – | V7: Catar | X7: M30 | Y7: 2 | Z7: 20/06 | AA7: Escocia | AD7: – | AG7: Marruecos
B8: M53 | C8: 3 | D8: 25/06 | E8: República Checa | H8: – | K8: México | M8: M51 | N8: 3 | O8: 24/06 | P8: Suiza | S8: – | V8: Canadá | X8: M49 | Y8: 3 | Z8: 25/06 | AA8: Escocia | AD8: – | AG8: Brasil
B9: M54 | C9: 3 | D9: 25/06 | E9: Sudáfrica | H9: – | K9: Corea del Sur | M9: M52 | N9: 3 | O9: 24/06 | P9: Bosnia y Herz. | S9: – | V9: Catar | X9: M50 | Y9: 3 | Z9: 25/06 | AA9: Marruecos | AD9: – | AG9: Haití
B10: CLASIFICACIÓN | M10: CLASIFICACIÓN | X10: CLASIFICACIÓN
B11: Pos | C11: Equipo | E11: PJ | F11: G | G11: E | H11: P | I11: GF | J11: GC | K11: PTS | M11: Pos | N11: Equipo | P11: PJ | Q11: G | R11: E | S11: P | T11: GF | U11: GC | V11: PTS | X11: Pos | Y11: Equipo | AA11: PJ | AB11: G | AC11: E | AD11: P | AE11: GF | AF11: GC | AG11: PTS
B12: 1 | C12: =INDEX(CALC!$B$2:$B$5,MATCH(LARGE(CALC!$K$2:$K$5,1),CALC!$K$2:$K$5,0)) | E12: =INDEX(CALC!$C$2:$C$5,MATCH(LARGE(CALC!$K$2:$K$5,1),CALC!$K$2:$K$5,0)) | F12: =INDEX(CALC!$D$2:$D$5,MATCH(LARGE(CALC!$K$2:$K$5,1),CALC!$K$2:$K$5,0)) | G12: =INDEX(CALC!$E$2:$E$5,MATCH(LARGE(CALC!$K$2:$K$5,1),CALC!$K$2:$K$5,0)) | H12: =INDEX(CALC!$F$2:$F$5,MATCH(LARGE(CALC!$K$2:$K$5,1),CALC!$K$2:$K$5,0)) | I12: =INDEX(CALC!$G$2:$G$5,MATCH(LARGE(CALC!$K$2:$K$5,1),CALC!$K$2:$K$5,0)) | J12: =INDEX(CALC!$H$2:$H$5,MATCH(LARGE(CALC!$K$2:$K$5,1),CALC!$K$2:$K$5,0)) | K12: =INDEX(CALC!$J$2:$J$5,MATCH(LARGE(CALC!$K$2:$K$5,1),CALC!$K$2:$K$5,0)) | M12: 1 | N12: =INDEX(CALC!$B$6:$B$9,MATCH(LARGE(CALC!$K$6:$K$9,1),CALC!$K$6:$K$9,0)) | P12: =INDEX(CALC!$C$6:$C$9,MATCH(LARGE(CALC!$K$6:$K$9,1),CALC!$K$6:$K$9,0)) | Q12: =INDEX(CALC!$D$6:$D$9,MATCH(LARGE(CALC!$K$6:$K$9,1),CALC!$K$6:$K$9,0)) | R12: =INDEX(CALC!$E$6:$E$9,MATCH(LARGE(CALC!$K$6:$K$9,1),CALC!$K$6:$K$9,0)) | S12: =INDEX(CALC!$F$6:$F$9,MATCH(LARGE(CALC!$K$6:$K$9,1),CALC!$K$6:$K$9,0)) | T12: =INDEX(CALC!$G$6:$G$9,MATCH(LARGE(CALC!$K$6:$K$9,1),CALC!$K$6:$K$9,0)) | U12: =INDEX(CALC!$H$6:$H$9,MATCH(LARGE(CALC!$K$6:$K$9,1),CALC!$K$6:$K$9,0)) | V12: =INDEX(CALC!$J$6:$J$9,MATCH(LARGE(CALC!$K$6:$K$9,1),CALC!$K$6:$K$9,0)) | X12: 1 | Y12: =INDEX(CALC!$B$10:$B$13,MATCH(LARGE(CALC!$K$10:$K$13,1),CALC!$K$10:$K$13,0)) | AA12: =INDEX(CALC!$C$10:$C$13,MATCH(LARGE(CALC!$K$10:$K$13,1),CALC!$K$10:$K$13,0)) | AB12: =INDEX(CALC!$D$10:$D$13,MATCH(LARGE(CALC!$K$10:$K$13,1),CALC!$K$10:$K$13,0)) | AC12: =INDEX(CALC!$E$10:$E$13,MATCH(LARGE(CALC!$K$10:$K$13,1),CALC!$K$10:$K$13,0)) | AD12: =INDEX(CALC!$F$10:$F$13,MATCH(LARGE(CALC!$K$10:$K$13,1),CALC!$K$10:$K$13,0)) | AE12: =INDEX(CALC!$G$10:$G$13,MATCH(LARGE(CALC!$K$10:$K$13,1),CALC!$K$10:$K$13,0)) | AF12: =INDEX(CALC!$H$10:$H$13,MATCH(LARGE(CALC!$K$10:$K$13,1),CALC!$K$10:$K$13,0)) | AG12: =INDEX(CALC!$J$10:$J$13,MATCH(LARGE(CALC!$K$10:$K$13,1),CALC!$K$10:$K$13,0))
B13: 2 | C13: =INDEX(CALC!$B$2:$B$5,MATCH(LARGE(CALC!$K$2:$K$5,2),CALC!$K$2:$K$5,0)) | E13: =INDEX(CALC!$C$2:$C$5,MATCH(LARGE(CALC!$K$2:$K$5,2),CALC!$K$2:$K$5,0)) | F13: =INDEX(CALC!$D$2:$D$5,MATCH(LARGE(CALC!$K$2:$K$5,2),CALC!$K$2:$K$5,0)) | G13: =INDEX(CALC!$E$2:$E$5,MATCH(LARGE(CALC!$K$2:$K$5,2),CALC!$K$2:$K$5,0)) | H13: =INDEX(CALC!$F$2:$F$5,MATCH(LARGE(CALC!$K$2:$K$5,2),CALC!$K$2:$K$5,0)) | I13: =INDEX(CALC!$G$2:$G$5,MATCH(LARGE(CALC!$K$2:$K$5,2),CALC!$K$2:$K$5,0)) | J13: =INDEX(CALC!$H$2:$H$5,MATCH(LARGE(CALC!$K$2:$K$5,2),CALC!$K$2:$K$5,0)) | K13: =INDEX(CALC!$J$2:$J$5,MATCH(LARGE(CALC!$K$2:$K$5,2),CALC!$K$2:$K$5,0)) | M13: 2 | N13: =INDEX(CALC!$B$6:$B$9,MATCH(LARGE(CALC!$K$6:$K$9,2),CALC!$K$6:$K$9,0)) | P13: =INDEX(CALC!$C$6:$C$9,MATCH(LARGE(CALC!$K$6:$K$9,2),CALC!$K$6:$K$9,0)) | Q13: =INDEX(CALC!$D$6:$D$9,MATCH(LARGE(CALC!$K$6:$K$9,2),CALC!$K$6:$K$9,0)) | R13: =INDEX(CALC!$E$6:$E$9,MATCH(LARGE(CALC!$K$6:$K$9,2),CALC!$K$6:$K$9,0)) | S13: =INDEX(CALC!$F$6:$F$9,MATCH(LARGE(CALC!$K$6:$K$9,2),CALC!$K$6:$K$9,0)) | T13: =INDEX(CALC!$G$6:$G$9,MATCH(LARGE(CALC!$K$6:$K$9,2),CALC!$K$6:$K$9,0)) | U13: =INDEX(CALC!$H$6:$H$9,MATCH(LARGE(CALC!$K$6:$K$9,2),CALC!$K$6:$K$9,0)) | V13: =INDEX(CALC!$J$6:$J$9,MATCH(LARGE(CALC!$K$6:$K$9,2),CALC!$K$6:$K$9,0)) | X13: 2 | Y13: =INDEX(CALC!$B$10:$B$13,MATCH(LARGE(CALC!$K$10:$K$13,2),CALC!$K$10:$K$13,0)) | AA13: =INDEX(CALC!$C$10:$C$13,MATCH(LARGE(CALC!$K$10:$K$13,2),CALC!$K$10:$K$13,0)) | AB13: =INDEX(CALC!$D$10:$D$13,MATCH(LARGE(CALC!$K$10:$K$13,2),CALC!$K$10:$K$13,0)) | AC13: =INDEX(CALC!$E$10:$E$13,MATCH(LARGE(CALC!$K$10:$K$13,2),CALC!$K$10:$K$13,0)) | AD13: =INDEX(CALC!$F$10:$F$13,MATCH(LARGE(CALC!$K$10:$K$13,2),CALC!$K$10:$K$13,0)) | AE13: =INDEX(CALC!$G$10:$G$13,MATCH(LARGE(CALC!$K$10:$K$13,2),CALC!$K$10:$K$13,0)) | AF13: =INDEX(CALC!$H$10:$H$13,MATCH(LARGE(CALC!$K$10:$K$13,2),CALC!$K$10:$K$13,0)) | AG13: =INDEX(CALC!$J$10:$J$13,MATCH(LARGE(CALC!$K$10:$K$13,2),CALC!$K$10:$K$13,0))
B14: 3 | C14: =INDEX(CALC!$B$2:$B$5,MATCH(LARGE(CALC!$K$2:$K$5,3),CALC!$K$2:$K$5,0)) | E14: =INDEX(CALC!$C$2:$C$5,MATCH(LARGE(CALC!$K$2:$K$5,3),CALC!$K$2:$K$5,0)) | F14: =INDEX(CALC!$D$2:$D$5,MATCH(LARGE(CALC!$K$2:$K$5,3),CALC!$K$2:$K$5,0)) | G14: =INDEX(CALC!$E$2:$E$5,MATCH(LARGE(CALC!$K$2:$K$5,3),CALC!$K$2:$K$5,0)) | H14: =INDEX(CALC!$F$2:$F$5,MATCH(LARGE(CALC!$K$2:$K$5,3),CALC!$K$2:$K$5,0)) | I14: =INDEX(CALC!$G$2:$G$5,MATCH(LARGE(CALC!$K$2:$K$5,3),CALC!$K$2:$K$5,0)) | J14: =INDEX(CALC!$H$2:$H$5,MATCH(LARGE(CALC!$K$2:$K$5,3),CALC!$K$2:$K$5,0)) | K14: =INDEX(CALC!$J$2:$J$5,MATCH(LARGE(CALC!$K$2:$K$5,3),CALC!$K$2:$K$5,0)) | M14: 3 | N14: =INDEX(CALC!$B$6:$B$9,MATCH(LARGE(CALC!$K$6:$K$9,3),CALC!$K$6:$K$9,0)) | P14: =INDEX(CALC!$C$6:$C$9,MATCH(LARGE(CALC!$K$6:$K$9,3),CALC!$K$6:$K$9,0)) | Q14: =INDEX(CALC!$D$6:$D$9,MATCH(LARGE(CALC!$K$6:$K$9,3),CALC!$K$6:$K$9,0)) | R14: =INDEX(CALC!$E$6:$E$9,MATCH(LARGE(CALC!$K$6:$K$9,3),CALC!$K$6:$K$9,0)) | S14: =INDEX(CALC!$F$6:$F$9,MATCH(LARGE(CALC!$K$6:$K$9,3),CALC!$K$6:$K$9,0)) | T14: =INDEX(CALC!$G$6:$G$9,MATCH(LARGE(CALC!$K$6:$K$9,3),CALC!$K$6:$K$9,0)) | U14: =INDEX(CALC!$H$6:$H$9,MATCH(LARGE(CALC!$K$6:$K$9,3),CALC!$K$6:$K$9,0)) | V14: =INDEX(CALC!$J$6:$J$9,MATCH(LARGE(CALC!$K$6:$K$9,3),CALC!$K$6:$K$9,0)) | X14: 3 | Y14: =INDEX(CALC!$B$10:$B$13,MATCH(LARGE(CALC!$K$10:$K$13,3),CALC!$K$10:$K$13,0)) | AA14: =INDEX(CALC!$C$10:$C$13,MATCH(LARGE(CALC!$K$10:$K$13,3),CALC!$K$10:$K$13,0)) | AB14: =INDEX(CALC!$D$10:$D$13,MATCH(LARGE(CALC!$K$10:$K$13,3),CALC!$K$10:$K$13,0)) | AC14: =INDEX(CALC!$E$10:$E$13,MATCH(LARGE(CALC!$K$10:$K$13,3),CALC!$K$10:$K$13,0)) | AD14: =INDEX(CALC!$F$10:$F$13,MATCH(LARGE(CALC!$K$10:$K$13,3),CALC!$K$10:$K$13,0)) | AE14: =INDEX(CALC!$G$10:$G$13,MATCH(LARGE(CALC!$K$10:$K$13,3),CALC!$K$10:$K$13,0)) | AF14: =INDEX(CALC!$H$10:$H$13,MATCH(LARGE(CALC!$K$10:$K$13,3),CALC!$K$10:$K$13,0)) | AG14: =INDEX(CALC!$J$10:$J$13,MATCH(LARGE(CALC!$K$10:$K$13,3),CALC!$K$10:$K$13,0))
B15: 4 | C15: =INDEX(CALC!$B$2:$B$5,MATCH(LARGE(CALC!$K$2:$K$5,4),CALC!$K$2:$K$5,0)) | E15: =INDEX(CALC!$C$2:$C$5,MATCH(LARGE(CALC!$K$2:$K$5,4),CALC!$K$2:$K$5,0)) | F15: =INDEX(CALC!$D$2:$D$5,MATCH(LARGE(CALC!$K$2:$K$5,4),CALC!$K$2:$K$5,0)) | G15: =INDEX(CALC!$E$2:$E$5,MATCH(LARGE(CALC!$K$2:$K$5,4),CALC!$K$2:$K$5,0)) | H15: =INDEX(CALC!$F$2:$F$5,MATCH(LARGE(CALC!$K$2:$K$5,4),CALC!$K$2:$K$5,0)) | I15: =INDEX(CALC!$G$2:$G$5,MATCH(LARGE(CALC!$K$2:$K$5,4),CALC!$K$2:$K$5,0)) | J15: =INDEX(CALC!$H$2:$H$5,MATCH(LARGE(CALC!$K$2:$K$5,4),CALC!$K$2:$K$5,0)) | K15: =INDEX(CALC!$J$2:$J$5,MATCH(LARGE(CALC!$K$2:$K$5,4),CALC!$K$2:$K$5,0)) | M15: 4 | N15: =INDEX(CALC!$B$6:$B$9,MATCH(LARGE(CALC!$K$6:$K$9,4),CALC!$K$6:$K$9,0)) | P15: =INDEX(CALC!$C$6:$C$9,MATCH(LARGE(CALC!$K$6:$K$9,4),CALC!$K$6:$K$9,0)) | Q15: =INDEX(CALC!$D$6:$D$9,MATCH(LARGE(CALC!$K$6:$K$9,4),CALC!$K$6:$K$9,0)) | R15: =INDEX(CALC!$E$6:$E$9,MATCH(LARGE(CALC!$K$6:$K$9,4),CALC!$K$6:$K$9,0)) | S15: =INDEX(CALC!$F$6:$F$9,MATCH(LARGE(CALC!$K$6:$K$9,4),CALC!$K$6:$K$9,0)) | T15: =INDEX(CALC!$G$6:$G$9,MATCH(LARGE(CALC!$K$6:$K$9,4),CALC!$K$6:$K$9,0)) | U15: =INDEX(CALC!$H$6:$H$9,MATCH(LARGE(CALC!$K$6:$K$9,4),CALC!$K$6:$K$9,0)) | V15: =INDEX(CALC!$J$6:$J$9,MATCH(LARGE(CALC!$K$6:$K$9,4),CALC!$K$6:$K$9,0)) | X15: 4 | Y15: =INDEX(CALC!$B$10:$B$13,MATCH(LARGE(CALC!$K$10:$K$13,4),CALC!$K$10:$K$13,0)) | AA15: =INDEX(CALC!$C$10:$C$13,MATCH(LARGE(CALC!$K$10:$K$13,4),CALC!$K$10:$K$13,0)) | AB15: =INDEX(CALC!$D$10:$D$13,MATCH(LARGE(CALC!$K$10:$K$13,4),CALC!$K$10:$K$13,0)) | AC15: =INDEX(CALC!$E$10:$E$13,MATCH(LARGE(CALC!$K$10:$K$13,4),CALC!$K$10:$K$13,0)) | AD15: =INDEX(CALC!$F$10:$F$13,MATCH(LARGE(CALC!$K$10:$K$13,4),CALC!$K$10:$K$13,0)) | AE15: =INDEX(CALC!$G$10:$G$13,MATCH(LARGE(CALC!$K$10:$K$13,4),CALC!$K$10:$K$13,0)) | AF15: =INDEX(CALC!$H$10:$H$13,MATCH(LARGE(CALC!$K$10:$K$13,4),CALC!$K$10:$K$13,0)) | AG15: =INDEX(CALC!$J$10:$J$13,MATCH(LARGE(CALC!$K$10:$K$13,4),CALC!$K$10:$K$13,0))
B19: GRUPO D | I19: =COUNTA($G$21:$G$26)&"/6" | M19: GRUPO E | T19: =COUNTA($R$21:$R$26)&"/6" | X19: GRUPO F | AE19: =COUNTA($AC$21:$AC$26)&"/6"
B20: ID | C20: Jornada | D20: Fecha | E20: Local | G20: GF | H20: - | I20: GC | K20: Visitante | M20: ID | N20: Jornada | O20: Fecha | P20: Local | R20: GF | S20: - | T20: GC | V20: Visitante | X20: ID | Y20: Jornada | Z20: Fecha | AA20: Local | AC20: GF | AD20: - | AE20: GC | AG20: Visitante
B21: M4 | C21: 1 | D21: 13/06 | E21: Estados Unidos | H21: – | K21: Paraguay | M21: M9 | N21: 1 | O21: 15/06 | P21: Costa de Marfil | S21: – | V21: Ecuador | X21: M11 | Y21: 1 | Z21: 14/06 | AA21: Países Bajos | AD21: – | AG21: Japón
B22: M6 | C22: 1 | D22: 14/06 | E22: Australia | H22: – | K22: Turquía | M22: M10 | N22: 1 | O22: 14/06 | P22: Alemania | S22: – | V22: Curazao | X22: M12 | Y22: 1 | Z22: 15/06 | AA22: Suecia | AD22: – | AG22: Túnez
B23: M31 | C23: 2 | D23: 20/06 | E23: Turquía | H23: – | K23: Paraguay | M23: M33 | N23: 2 | O23: 20/06 | P23: Alemania | S23: – | V23: Costa de Marfil | X23: M35 | Y23: 2 | Z23: 20/06 | AA23: Países Bajos | AD23: – | AG23: Suecia
B24: M32 | C24: 2 | D24: 19/06 | E24: Estados Unidos | H24: – | K24: Australia | M24: M34 | N24: 2 | O24: 21/06 | P24: Ecuador | S24: – | V24: Curazao | X24: M36 | Y24: 2 | Z24: 21/06 | AA24: Túnez | AD24: – | AG24: Japón
B25: M59 | C25: 3 | D25: 26/06 | E25: Turquía | H25: – | K25: Estados Unidos | M25: M55 | N25: 3 | O25: 25/06 | P25: Curazao | S25: – | V25: Costa de Marfil | X25: M57 | Y25: 3 | Z25: 26/06 | AA25: Japón | AD25: – | AG25: Suecia
B26: M60 | C26: 3 | D26: 26/06 | E26: Paraguay | H26: – | K26: Australia | M26: M56 | N26: 3 | O26: 25/06 | P26: Ecuador | S26: – | V26: Alemania | X26: M58 | Y26: 3 | Z26: 26/06 | AA26: Túnez | AD26: – | AG26: Países Bajos
B27: CLASIFICACIÓN | M27: CLASIFICACIÓN | X27: CLASIFICACIÓN
B28: Pos | C28: Equipo | E28: PJ | F28: G | G28: E | H28: P | I28: GF | J28: GC | K28: PTS | M28: Pos | N28: Equipo | P28: PJ | Q28: G | R28: E | S28: P | T28: GF | U28: GC | V28: PTS | X28: Pos | Y28: Equipo | AA28: PJ | AB28: G | AC28: E | AD28: P | AE28: GF | AF28: GC | AG28: PTS
B29: 1 | C29: =INDEX(CALC!$B$14:$B$17,MATCH(LARGE(CALC!$K$14:$K$17,1),CALC!$K$14:$K$17,0)) | E29: =INDEX(CALC!$C$14:$C$17,MATCH(LARGE(CALC!$K$14:$K$17,1),CALC!$K$14:$K$17,0)) | F29: =INDEX(CALC!$D$14:$D$17,MATCH(LARGE(CALC!$K$14:$K$17,1),CALC!$K$14:$K$17,0)) | G29: =INDEX(CALC!$E$14:$E$17,MATCH(LARGE(CALC!$K$14:$K$17,1),CALC!$K$14:$K$17,0)) | H29: =INDEX(CALC!$F$14:$F$17,MATCH(LARGE(CALC!$K$14:$K$17,1),CALC!$K$14:$K$17,0)) | I29: =INDEX(CALC!$G$14:$G$17,MATCH(LARGE(CALC!$K$14:$K$17,1),CALC!$K$14:$K$17,0)) | J29: =INDEX(CALC!$H$14:$H$17,MATCH(LARGE(CALC!$K$14:$K$17,1),CALC!$K$14:$K$17,0)) | K29: =INDEX(CALC!$J$14:$J$17,MATCH(LARGE(CALC!$K$14:$K$17,1),CALC!$K$14:$K$17,0)) | M29: 1 | N29: =INDEX(CALC!$B$18:$B$21,MATCH(LARGE(CALC!$K$18:$K$21,1),CALC!$K$18:$K$21,0)) | P29: =INDEX(CALC!$C$18:$C$21,MATCH(LARGE(CALC!$K$18:$K$21,1),CALC!$K$18:$K$21,0)) | Q29: =INDEX(CALC!$D$18:$D$21,MATCH(LARGE(CALC!$K$18:$K$21,1),CALC!$K$18:$K$21,0)) | R29: =INDEX(CALC!$E$18:$E$21,MATCH(LARGE(CALC!$K$18:$K$21,1),CALC!$K$18:$K$21,0)) | S29: =INDEX(CALC!$F$18:$F$21,MATCH(LARGE(CALC!$K$18:$K$21,1),CALC!$K$18:$K$21,0)) | T29: =INDEX(CALC!$G$18:$G$21,MATCH(LARGE(CALC!$K$18:$K$21,1),CALC!$K$18:$K$21,0)) | U29: =INDEX(CALC!$H$18:$H$21,MATCH(LARGE(CALC!$K$18:$K$21,1),CALC!$K$18:$K$21,0)) | V29: =INDEX(CALC!$J$18:$J$21,MATCH(LARGE(CALC!$K$18:$K$21,1),CALC!$K$18:$K$21,0)) | X29: 1 | Y29: =INDEX(CALC!$B$22:$B$25,MATCH(LARGE(CALC!$K$22:$K$25,1),CALC!$K$22:$K$25,0)) | AA29: =INDEX(CALC!$C$22:$C$25,MATCH(LARGE(CALC!$K$22:$K$25,1),CALC!$K$22:$K$25,0)) | AB29: =INDEX(CALC!$D$22:$D$25,MATCH(LARGE(CALC!$K$22:$K$25,1),CALC!$K$22:$K$25,0)) | AC29: =INDEX(CALC!$E$22:$E$25,MATCH(LARGE(CALC!$K$22:$K$25,1),CALC!$K$22:$K$25,0)) | AD29: =INDEX(CALC!$F$22:$F$25,MATCH(LARGE(CALC!$K$22:$K$25,1),CALC!$K$22:$K$25,0)) | AE29: =INDEX(CALC!$G$22:$G$25,MATCH(LARGE(CALC!$K$22:$K$25,1),CALC!$K$22:$K$25,0)) | AF29: =INDEX(CALC!$H$22:$H$25,MATCH(LARGE(CALC!$K$22:$K$25,1),CALC!$K$22:$K$25,0)) | AG29: =INDEX(CALC!$J$22:$J$25,MATCH(LARGE(CALC!$K$22:$K$25,1),CALC!$K$22:$K$25,0))
B30: 2 | C30: =INDEX(CALC!$B$14:$B$17,MATCH(LARGE(CALC!$K$14:$K$17,2),CALC!$K$14:$K$17,0)) | E30: =INDEX(CALC!$C$14:$C$17,MATCH(LARGE(CALC!$K$14:$K$17,2),CALC!$K$14:$K$17,0)) | F30: =INDEX(CALC!$D$14:$D$17,MATCH(LARGE(CALC!$K$14:$K$17,2),CALC!$K$14:$K$17,0)) | G30: =INDEX(CALC!$E$14:$E$17,MATCH(LARGE(CALC!$K$14:$K$17,2),CALC!$K$14:$K$17,0)) | H30: =INDEX(CALC!$F$14:$F$17,MATCH(LARGE(CALC!$K$14:$K$17,2),CALC!$K$14:$K$17,0)) | I30: =INDEX(CALC!$G$14:$G$17,MATCH(LARGE(CALC!$K$14:$K$17,2),CALC!$K$14:$K$17,0)) | J30: =INDEX(CALC!$H$14:$H$17,MATCH(LARGE(CALC!$K$14:$K$17,2),CALC!$K$14:$K$17,0)) | K30: =INDEX(CALC!$J$14:$J$17,MATCH(LARGE(CALC!$K$14:$K$17,2),CALC!$K$14:$K$17,0)) | M30: 2 | N30: =INDEX(CALC!$B$18:$B$21,MATCH(LARGE(CALC!$K$18:$K$21,2),CALC!$K$18:$K$21,0)) | P30: =INDEX(CALC!$C$18:$C$21,MATCH(LARGE(CALC!$K$18:$K$21,2),CALC!$K$18:$K$21,0)) | Q30: =INDEX(CALC!$D$18:$D$21,MATCH(LARGE(CALC!$K$18:$K$21,2),CALC!$K$18:$K$21,0)) | R30: =INDEX(CALC!$E$18:$E$21,MATCH(LARGE(CALC!$K$18:$K$21,2),CALC!$K$18:$K$21,0)) | S30: =INDEX(CALC!$F$18:$F$21,MATCH(LARGE(CALC!$K$18:$K$21,2),CALC!$K$18:$K$21,0)) | T30: =INDEX(CALC!$G$18:$G$21,MATCH(LARGE(CALC!$K$18:$K$21,2),CALC!$K$18:$K$21,0)) | U30: =INDEX(CALC!$H$18:$H$21,MATCH(LARGE(CALC!$K$18:$K$21,2),CALC!$K$18:$K$21,0)) | V30: =INDEX(CALC!$J$18:$J$21,MATCH(LARGE(CALC!$K$18:$K$21,2),CALC!$K$18:$K$21,0)) | X30: 2 | Y30: =INDEX(CALC!$B$22:$B$25,MATCH(LARGE(CALC!$K$22:$K$25,2),CALC!$K$22:$K$25,0)) | AA30: =INDEX(CALC!$C$22:$C$25,MATCH(LARGE(CALC!$K$22:$K$25,2),CALC!$K$22:$K$25,0)) | AB30: =INDEX(CALC!$D$22:$D$25,MATCH(LARGE(CALC!$K$22:$K$25,2),CALC!$K$22:$K$25,0)) | AC30: =INDEX(CALC!$E$22:$E$25,MATCH(LARGE(CALC!$K$22:$K$25,2),CALC!$K$22:$K$25,0)) | AD30: =INDEX(CALC!$F$22:$F$25,MATCH(LARGE(CALC!$K$22:$K$25,2),CALC!$K$22:$K$25,0)) | AE30: =INDEX(CALC!$G$22:$G$25,MATCH(LARGE(CALC!$K$22:$K$25,2),CALC!$K$22:$K$25,0)) | AF30: =INDEX(CALC!$H$22:$H$25,MATCH(LARGE(CALC!$K$22:$K$25,2),CALC!$K$22:$K$25,0)) | AG30: =INDEX(CALC!$J$22:$J$25,MATCH(LARGE(CALC!$K$22:$K$25,2),CALC!$K$22:$K$25,0))
B31: 3 | C31: =INDEX(CALC!$B$14:$B$17,MATCH(LARGE(CALC!$K$14:$K$17,3),CALC!$K$14:$K$17,0)) | E31: =INDEX(CALC!$C$14:$C$17,MATCH(LARGE(CALC!$K$14:$K$17,3),CALC!$K$14:$K$17,0)) | F31: =INDEX(CALC!$D$14:$D$17,MATCH(LARGE(CALC!$K$14:$K$17,3),CALC!$K$14:$K$17,0)) | G31: =INDEX(CALC!$E$14:$E$17,MATCH(LARGE(CALC!$K$14:$K$17,3),CALC!$K$14:$K$17,0)) | H31: =INDEX(CALC!$F$14:$F$17,MATCH(LARGE(CALC!$K$14:$K$17,3),CALC!$K$14:$K$17,0)) | I31: =INDEX(CALC!$G$14:$G$17,MATCH(LARGE(CALC!$K$14:$K$17,3),CALC!$K$14:$K$17,0)) | J31: =INDEX(CALC!$H$14:$H$17,MATCH(LARGE(CALC!$K$14:$K$17,3),CALC!$K$14:$K$17,0)) | K31: =INDEX(CALC!$J$14:$J$17,MATCH(LARGE(CALC!$K$14:$K$17,3),CALC!$K$14:$K$17,0)) | M31: 3 | N31: =INDEX(CALC!$B$18:$B$21,MATCH(LARGE(CALC!$K$18:$K$21,3),CALC!$K$18:$K$21,0)) | P31: =INDEX(CALC!$C$18:$C$21,MATCH(LARGE(CALC!$K$18:$K$21,3),CALC!$K$18:$K$21,0)) | Q31: =INDEX(CALC!$D$18:$D$21,MATCH(LARGE(CALC!$K$18:$K$21,3),CALC!$K$18:$K$21,0)) | R31: =INDEX(CALC!$E$18:$E$21,MATCH(LARGE(CALC!$K$18:$K$21,3),CALC!$K$18:$K$21,0)) | S31: =INDEX(CALC!$F$18:$F$21,MATCH(LARGE(CALC!$K$18:$K$21,3),CALC!$K$18:$K$21,0)) | T31: =INDEX(CALC!$G$18:$G$21,MATCH(LARGE(CALC!$K$18:$K$21,3),CALC!$K$18:$K$21,0)) | U31: =INDEX(CALC!$H$18:$H$21,MATCH(LARGE(CALC!$K$18:$K$21,3),CALC!$K$18:$K$21,0)) | V31: =INDEX(CALC!$J$18:$J$21,MATCH(LARGE(CALC!$K$18:$K$21,3),CALC!$K$18:$K$21,0)) | X31: 3 | Y31: =INDEX(CALC!$B$22:$B$25,MATCH(LARGE(CALC!$K$22:$K$25,3),CALC!$K$22:$K$25,0)) | AA31: =INDEX(CALC!$C$22:$C$25,MATCH(LARGE(CALC!$K$22:$K$25,3),CALC!$K$22:$K$25,0)) | AB31: =INDEX(CALC!$D$22:$D$25,MATCH(LARGE(CALC!$K$22:$K$25,3),CALC!$K$22:$K$25,0)) | AC31: =INDEX(CALC!$E$22:$E$25,MATCH(LARGE(CALC!$K$22:$K$25,3),CALC!$K$22:$K$25,0)) | AD31: =INDEX(CALC!$F$22:$F$25,MATCH(LARGE(CALC!$K$22:$K$25,3),CALC!$K$22:$K$25,0)) | AE31: =INDEX(CALC!$G$22:$G$25,MATCH(LARGE(CALC!$K$22:$K$25,3),CALC!$K$22:$K$25,0)) | AF31: =INDEX(CALC!$H$22:$H$25,MATCH(LARGE(CALC!$K$22:$K$25,3),CALC!$K$22:$K$25,0)) | AG31: =INDEX(CALC!$J$22:$J$25,MATCH(LARGE(CALC!$K$22:$K$25,3),CALC!$K$22:$K$25,0))
B32: 4 | C32: =INDEX(CALC!$B$14:$B$17,MATCH(LARGE(CALC!$K$14:$K$17,4),CALC!$K$14:$K$17,0)) | E32: =INDEX(CALC!$C$14:$C$17,MATCH(LARGE(CALC!$K$14:$K$17,4),CALC!$K$14:$K$17,0)) | F32: =INDEX(CALC!$D$14:$D$17,MATCH(LARGE(CALC!$K$14:$K$17,4),CALC!$K$14:$K$17,0)) | G32: =INDEX(CALC!$E$14:$E$17,MATCH(LARGE(CALC!$K$14:$K$17,4),CALC!$K$14:$K$17,0)) | H32: =INDEX(CALC!$F$14:$F$17,MATCH(LARGE(CALC!$K$14:$K$17,4),CALC!$K$14:$K$17,0)) | I32: =INDEX(CALC!$G$14:$G$17,MATCH(LARGE(CALC!$K$14:$K$17,4),CALC!$K$14:$K$17,0)) | J32: =INDEX(CALC!$H$14:$H$17,MATCH(LARGE(CALC!$K$14:$K$17,4),CALC!$K$14:$K$17,0)) | K32: =INDEX(CALC!$J$14:$J$17,MATCH(LARGE(CALC!$K$14:$K$17,4),CALC!$K$14:$K$17,0)) | M32: 4 | N32: =INDEX(CALC!$B$18:$B$21,MATCH(LARGE(CALC!$K$18:$K$21,4),CALC!$K$18:$K$21,0)) | P32: =INDEX(CALC!$C$18:$C$21,MATCH(LARGE(CALC!$K$18:$K$21,4),CALC!$K$18:$K$21,0)) | Q32: =INDEX(CALC!$D$18:$D$21,MATCH(LARGE(CALC!$K$18:$K$21,4),CALC!$K$18:$K$21,0)) | R32: =INDEX(CALC!$E$18:$E$21,MATCH(LARGE(CALC!$K$18:$K$21,4),CALC!$K$18:$K$21,0)) | S32: =INDEX(CALC!$F$18:$F$21,MATCH(LARGE(CALC!$K$18:$K$21,4),CALC!$K$18:$K$21,0)) | T32: =INDEX(CALC!$G$18:$G$21,MATCH(LARGE(CALC!$K$18:$K$21,4),CALC!$K$18:$K$21,0)) | U32: =INDEX(CALC!$H$18:$H$21,MATCH(LARGE(CALC!$K$18:$K$21,4),CALC!$K$18:$K$21,0)) | V32: =INDEX(CALC!$J$18:$J$21,MATCH(LARGE(CALC!$K$18:$K$21,4),CALC!$K$18:$K$21,0)) | X32: 4 | Y32: =INDEX(CALC!$B$22:$B$25,MATCH(LARGE(CALC!$K$22:$K$25,4),CALC!$K$22:$K$25,0)) | AA32: =INDEX(CALC!$C$22:$C$25,MATCH(LARGE(CALC!$K$22:$K$25,4),CALC!$K$22:$K$25,0)) | AB32: =INDEX(CALC!$D$22:$D$25,MATCH(LARGE(CALC!$K$22:$K$25,4),CALC!$K$22:$K$25,0)) | AC32: =INDEX(CALC!$E$22:$E$25,MATCH(LARGE(CALC!$K$22:$K$25,4),CALC!$K$22:$K$25,0)) | AD32: =INDEX(CALC!$F$22:$F$25,MATCH(LARGE(CALC!$K$22:$K$25,4),CALC!$K$22:$K$25,0)) | AE32: =INDEX(CALC!$G$22:$G$25,MATCH(LARGE(CALC!$K$22:$K$25,4),CALC!$K$22:$K$25,0)) | AF32: =INDEX(CALC!$H$22:$H$25,MATCH(LARGE(CALC!$K$22:$K$25,4),CALC!$K$22:$K$25,0)) | AG32: =INDEX(CALC!$J$22:$J$25,MATCH(LARGE(CALC!$K$22:$K$25,4),CALC!$K$22:$K$25,0))
B36: GRUPO G | I36: =COUNTA($G$38:$G$43)&"/6" | M36: GRUPO H | T36: =COUNTA($R$38:$R$43)&"/6" | X36: GRUPO I | AE36: =COUNTA($AC$38:$AC$43)&"/6"
B37: ID | C37: Jornada | D37: Fecha | E37: Local | G37: GF | H37: - | I37: GC | K37: Visitante | M37: ID | N37: Jornada | O37: Fecha | P37: Local | R37: GF | S37: - | T37: GC | V37: Visitante | X37: ID | Y37: Jornada | Z37: Fecha | AA37: Local | AC37: GF | AD37: - | AE37: GC | AG37: Visitante
B38: M15 | C38: 1 | D38: 16/06 | E38: Irán | H38: – | K38: Nueva Zelanda | M38: M13 | N38: 1 | O38: 16/06 | P38: Arabia Saudita | S38: – | V38: Uruguay | X38: M17 | Y38: 1 | Z38: 16/06 | AA38: Francia | AD38: – | AG38: Senegal
B39: M16 | C39: 1 | D39: 15/06 | E39: Bélgica | H39: – | K39: Egipto | M39: M14 | N39: 1 | O39: 15/06 | P39: España | S39: – | V39: Cabo Verde | X39: M18 | Y39: 1 | Z39: 17/06 | AA39: Irak | AD39: – | AG39: Noruega
B40: M39 | C40: 2 | D40: 21/06 | E40: Bélgica | H40: – | K40: Irán | M40: M37 | N40: 2 | O40: 22/06 | P40: Uruguay | S40: – | V40: Cabo Verde | X40: M41 | Y40: 2 | Z40: 23/06 | AA40: Noruega | AD40: – | AG40: Senegal
B41: M40 | C41: 2 | D41: 22/06 | E41: Nueva Zelanda | H41: – | K41: Egipto | M41: M38 | N41: 2 | O41: 21/06 | P41: España | S41: – | V41: Arabia Saudita | X41: M42 | Y41: 2 | Z41: 22/06 | AA41: Francia | AD41: – | AG41: Irak
B42: M63 | C42: 3 | D42: 27/06 | E42: Egipto | H42: – | K42: Irán | M42: M65 | N42: 3 | O42: 27/06 | P42: Cabo Verde | S42: – | V42: Arabia Saudita | X42: M61 | Y42: 3 | Z42: 26/06 | AA42: Noruega | AD42: – | AG42: Francia
B43: M64 | C43: 3 | D43: 27/06 | E43: Nueva Zelanda | H43: – | K43: Bélgica | M43: M66 | N43: 3 | O43: 27/06 | P43: Uruguay | S43: – | V43: España | X43: M62 | Y43: 3 | Z43: 26/06 | AA43: Senegal | AD43: – | AG43: Irak
B44: CLASIFICACIÓN | M44: CLASIFICACIÓN | X44: CLASIFICACIÓN
B45: Pos | C45: Equipo | E45: PJ | F45: G | G45: E | H45: P | I45: GF | J45: GC | K45: PTS | M45: Pos | N45: Equipo | P45: PJ | Q45: G | R45: E | S45: P | T45: GF | U45: GC | V45: PTS | X45: Pos | Y45: Equipo | AA45: PJ | AB45: G | AC45: E | AD45: P | AE45: GF | AF45: GC | AG45: PTS
B46: 1 | C46: =INDEX(CALC!$B$26:$B$29,MATCH(LARGE(CALC!$K$26:$K$29,1),CALC!$K$26:$K$29,0)) | E46: =INDEX(CALC!$C$26:$C$29,MATCH(LARGE(CALC!$K$26:$K$29,1),CALC!$K$26:$K$29,0)) | F46: =INDEX(CALC!$D$26:$D$29,MATCH(LARGE(CALC!$K$26:$K$29,1),CALC!$K$26:$K$29,0)) | G46: =INDEX(CALC!$E$26:$E$29,MATCH(LARGE(CALC!$K$26:$K$29,1),CALC!$K$26:$K$29,0)) | H46: =INDEX(CALC!$F$26:$F$29,MATCH(LARGE(CALC!$K$26:$K$29,1),CALC!$K$26:$K$29,0)) | I46: =INDEX(CALC!$G$26:$G$29,MATCH(LARGE(CALC!$K$26:$K$29,1),CALC!$K$26:$K$29,0)) | J46: =INDEX(CALC!$H$26:$H$29,MATCH(LARGE(CALC!$K$26:$K$29,1),CALC!$K$26:$K$29,0)) | K46: =INDEX(CALC!$J$26:$J$29,MATCH(LARGE(CALC!$K$26:$K$29,1),CALC!$K$26:$K$29,0)) | M46: 1 | N46: =INDEX(CALC!$B$30:$B$33,MATCH(LARGE(CALC!$K$30:$K$33,1),CALC!$K$30:$K$33,0)) | P46: =INDEX(CALC!$C$30:$C$33,MATCH(LARGE(CALC!$K$30:$K$33,1),CALC!$K$30:$K$33,0)) | Q46: =INDEX(CALC!$D$30:$D$33,MATCH(LARGE(CALC!$K$30:$K$33,1),CALC!$K$30:$K$33,0)) | R46: =INDEX(CALC!$E$30:$E$33,MATCH(LARGE(CALC!$K$30:$K$33,1),CALC!$K$30:$K$33,0)) | S46: =INDEX(CALC!$F$30:$F$33,MATCH(LARGE(CALC!$K$30:$K$33,1),CALC!$K$30:$K$33,0)) | T46: =INDEX(CALC!$G$30:$G$33,MATCH(LARGE(CALC!$K$30:$K$33,1),CALC!$K$30:$K$33,0)) | U46: =INDEX(CALC!$H$30:$H$33,MATCH(LARGE(CALC!$K$30:$K$33,1),CALC!$K$30:$K$33,0)) | V46: =INDEX(CALC!$J$30:$J$33,MATCH(LARGE(CALC!$K$30:$K$33,1),CALC!$K$30:$K$33,0)) | X46: 1 | Y46: =INDEX(CALC!$B$34:$B$37,MATCH(LARGE(CALC!$K$34:$K$37,1),CALC!$K$34:$K$37,0)) | AA46: =INDEX(CALC!$C$34:$C$37,MATCH(LARGE(CALC!$K$34:$K$37,1),CALC!$K$34:$K$37,0)) | AB46: =INDEX(CALC!$D$34:$D$37,MATCH(LARGE(CALC!$K$34:$K$37,1),CALC!$K$34:$K$37,0)) | AC46: =INDEX(CALC!$E$34:$E$37,MATCH(LARGE(CALC!$K$34:$K$37,1),CALC!$K$34:$K$37,0)) | AD46: =INDEX(CALC!$F$34:$F$37,MATCH(LARGE(CALC!$K$34:$K$37,1),CALC!$K$34:$K$37,0)) | AE46: =INDEX(CALC!$G$34:$G$37,MATCH(LARGE(CALC!$K$34:$K$37,1),CALC!$K$34:$K$37,0)) | AF46: =INDEX(CALC!$H$34:$H$37,MATCH(LARGE(CALC!$K$34:$K$37,1),CALC!$K$34:$K$37,0)) | AG46: =INDEX(CALC!$J$34:$J$37,MATCH(LARGE(CALC!$K$34:$K$37,1),CALC!$K$34:$K$37,0))
B47: 2 | C47: =INDEX(CALC!$B$26:$B$29,MATCH(LARGE(CALC!$K$26:$K$29,2),CALC!$K$26:$K$29,0)) | E47: =INDEX(CALC!$C$26:$C$29,MATCH(LARGE(CALC!$K$26:$K$29,2),CALC!$K$26:$K$29,0)) | F47: =INDEX(CALC!$D$26:$D$29,MATCH(LARGE(CALC!$K$26:$K$29,2),CALC!$K$26:$K$29,0)) | G47: =INDEX(CALC!$E$26:$E$29,MATCH(LARGE(CALC!$K$26:$K$29,2),CALC!$K$26:$K$29,0)) | H47: =INDEX(CALC!$F$26:$F$29,MATCH(LARGE(CALC!$K$26:$K$29,2),CALC!$K$26:$K$29,0)) | I47: =INDEX(CALC!$G$26:$G$29,MATCH(LARGE(CALC!$K$26:$K$29,2),CALC!$K$26:$K$29,0)) | J47: =INDEX(CALC!$H$26:$H$29,MATCH(LARGE(CALC!$K$26:$K$29,2),CALC!$K$26:$K$29,0)) | K47: =INDEX(CALC!$J$26:$J$29,MATCH(LARGE(CALC!$K$26:$K$29,2),CALC!$K$26:$K$29,0)) | M47: 2 | N47: =INDEX(CALC!$B$30:$B$33,MATCH(LARGE(CALC!$K$30:$K$33,2),CALC!$K$30:$K$33,0)) | P47: =INDEX(CALC!$C$30:$C$33,MATCH(LARGE(CALC!$K$30:$K$33,2),CALC!$K$30:$K$33,0)) | Q47: =INDEX(CALC!$D$30:$D$33,MATCH(LARGE(CALC!$K$30:$K$33,2),CALC!$K$30:$K$33,0)) | R47: =INDEX(CALC!$E$30:$E$33,MATCH(LARGE(CALC!$K$30:$K$33,2),CALC!$K$30:$K$33,0)) | S47: =INDEX(CALC!$F$30:$F$33,MATCH(LARGE(CALC!$K$30:$K$33,2),CALC!$K$30:$K$33,0)) | T47: =INDEX(CALC!$G$30:$G$33,MATCH(LARGE(CALC!$K$30:$K$33,2),CALC!$K$30:$K$33,0)) | U47: =INDEX(CALC!$H$30:$H$33,MATCH(LARGE(CALC!$K$30:$K$33,2),CALC!$K$30:$K$33,0)) | V47: =INDEX(CALC!$J$30:$J$33,MATCH(LARGE(CALC!$K$30:$K$33,2),CALC!$K$30:$K$33,0)) | X47: 2 | Y47: =INDEX(CALC!$B$34:$B$37,MATCH(LARGE(CALC!$K$34:$K$37,2),CALC!$K$34:$K$37,0)) | AA47: =INDEX(CALC!$C$34:$C$37,MATCH(LARGE(CALC!$K$34:$K$37,2),CALC!$K$34:$K$37,0)) | AB47: =INDEX(CALC!$D$34:$D$37,MATCH(LARGE(CALC!$K$34:$K$37,2),CALC!$K$34:$K$37,0)) | AC47: =INDEX(CALC!$E$34:$E$37,MATCH(LARGE(CALC!$K$34:$K$37,2),CALC!$K$34:$K$37,0)) | AD47: =INDEX(CALC!$F$34:$F$37,MATCH(LARGE(CALC!$K$34:$K$37,2),CALC!$K$34:$K$37,0)) | AE47: =INDEX(CALC!$G$34:$G$37,MATCH(LARGE(CALC!$K$34:$K$37,2),CALC!$K$34:$K$37,0)) | AF47: =INDEX(CALC!$H$34:$H$37,MATCH(LARGE(CALC!$K$34:$K$37,2),CALC!$K$34:$K$37,0)) | AG47: =INDEX(CALC!$J$34:$J$37,MATCH(LARGE(CALC!$K$34:$K$37,2),CALC!$K$34:$K$37,0))
B48: 3 | C48: =INDEX(CALC!$B$26:$B$29,MATCH(LARGE(CALC!$K$26:$K$29,3),CALC!$K$26:$K$29,0)) | E48: =INDEX(CALC!$C$26:$C$29,MATCH(LARGE(CALC!$K$26:$K$29,3),CALC!$K$26:$K$29,0)) | F48: =INDEX(CALC!$D$26:$D$29,MATCH(LARGE(CALC!$K$26:$K$29,3),CALC!$K$26:$K$29,0)) | G48: =INDEX(CALC!$E$26:$E$29,MATCH(LARGE(CALC!$K$26:$K$29,3),CALC!$K$26:$K$29,0)) | H48: =INDEX(CALC!$F$26:$F$29,MATCH(LARGE(CALC!$K$26:$K$29,3),CALC!$K$26:$K$29,0)) | I48: =INDEX(CALC!$G$26:$G$29,MATCH(LARGE(CALC!$K$26:$K$29,3),CALC!$K$26:$K$29,0)) | J48: =INDEX(CALC!$H$26:$H$29,MATCH(LARGE(CALC!$K$26:$K$29,3),CALC!$K$26:$K$29,0)) | K48: =INDEX(CALC!$J$26:$J$29,MATCH(LARGE(CALC!$K$26:$K$29,3),CALC!$K$26:$K$29,0)) | M48: 3 | N48: =INDEX(CALC!$B$30:$B$33,MATCH(LARGE(CALC!$K$30:$K$33,3),CALC!$K$30:$K$33,0)) | P48: =INDEX(CALC!$C$30:$C$33,MATCH(LARGE(CALC!$K$30:$K$33,3),CALC!$K$30:$K$33,0)) | Q48: =INDEX(CALC!$D$30:$D$33,MATCH(LARGE(CALC!$K$30:$K$33,3),CALC!$K$30:$K$33,0)) | R48: =INDEX(CALC!$E$30:$E$33,MATCH(LARGE(CALC!$K$30:$K$33,3),CALC!$K$30:$K$33,0)) | S48: =INDEX(CALC!$F$30:$F$33,MATCH(LARGE(CALC!$K$30:$K$33,3),CALC!$K$30:$K$33,0)) | T48: =INDEX(CALC!$G$30:$G$33,MATCH(LARGE(CALC!$K$30:$K$33,3),CALC!$K$30:$K$33,0)) | U48: =INDEX(CALC!$H$30:$H$33,MATCH(LARGE(CALC!$K$30:$K$33,3),CALC!$K$30:$K$33,0)) | V48: =INDEX(CALC!$J$30:$J$33,MATCH(LARGE(CALC!$K$30:$K$33,3),CALC!$K$30:$K$33,0)) | X48: 3 | Y48: =INDEX(CALC!$B$34:$B$37,MATCH(LARGE(CALC!$K$34:$K$37,3),CALC!$K$34:$K$37,0)) | AA48: =INDEX(CALC!$C$34:$C$37,MATCH(LARGE(CALC!$K$34:$K$37,3),CALC!$K$34:$K$37,0)) | AB48: =INDEX(CALC!$D$34:$D$37,MATCH(LARGE(CALC!$K$34:$K$37,3),CALC!$K$34:$K$37,0)) | AC48: =INDEX(CALC!$E$34:$E$37,MATCH(LARGE(CALC!$K$34:$K$37,3),CALC!$K$34:$K$37,0)) | AD48: =INDEX(CALC!$F$34:$F$37,MATCH(LARGE(CALC!$K$34:$K$37,3),CALC!$K$34:$K$37,0)) | AE48: =INDEX(CALC!$G$34:$G$37,MATCH(LARGE(CALC!$K$34:$K$37,3),CALC!$K$34:$K$37,0)) | AF48: =INDEX(CALC!$H$34:$H$37,MATCH(LARGE(CALC!$K$34:$K$37,3),CALC!$K$34:$K$37,0)) | AG48: =INDEX(CALC!$J$34:$J$37,MATCH(LARGE(CALC!$K$34:$K$37,3),CALC!$K$34:$K$37,0))
B49: 4 | C49: =INDEX(CALC!$B$26:$B$29,MATCH(LARGE(CALC!$K$26:$K$29,4),CALC!$K$26:$K$29,0)) | E49: =INDEX(CALC!$C$26:$C$29,MATCH(LARGE(CALC!$K$26:$K$29,4),CALC!$K$26:$K$29,0)) | F49: =INDEX(CALC!$D$26:$D$29,MATCH(LARGE(CALC!$K$26:$K$29,4),CALC!$K$26:$K$29,0)) | G49: =INDEX(CALC!$E$26:$E$29,MATCH(LARGE(CALC!$K$26:$K$29,4),CALC!$K$26:$K$29,0)) | H49: =INDEX(CALC!$F$26:$F$29,MATCH(LARGE(CALC!$K$26:$K$29,4),CALC!$K$26:$K$29,0)) | I49: =INDEX(CALC!$G$26:$G$29,MATCH(LARGE(CALC!$K$26:$K$29,4),CALC!$K$26:$K$29,0)) | J49: =INDEX(CALC!$H$26:$H$29,MATCH(LARGE(CALC!$K$26:$K$29,4),CALC!$K$26:$K$29,0)) | K49: =INDEX(CALC!$J$26:$J$29,MATCH(LARGE(CALC!$K$26:$K$29,4),CALC!$K$26:$K$29,0)) | M49: 4 | N49: =INDEX(CALC!$B$30:$B$33,MATCH(LARGE(CALC!$K$30:$K$33,4),CALC!$K$30:$K$33,0)) | P49: =INDEX(CALC!$C$30:$C$33,MATCH(LARGE(CALC!$K$30:$K$33,4),CALC!$K$30:$K$33,0)) | Q49: =INDEX(CALC!$D$30:$D$33,MATCH(LARGE(CALC!$K$30:$K$33,4),CALC!$K$30:$K$33,0)) | R49: =INDEX(CALC!$E$30:$E$33,MATCH(LARGE(CALC!$K$30:$K$33,4),CALC!$K$30:$K$33,0)) | S49: =INDEX(CALC!$F$30:$F$33,MATCH(LARGE(CALC!$K$30:$K$33,4),CALC!$K$30:$K$33,0)) | T49: =INDEX(CALC!$G$30:$G$33,MATCH(LARGE(CALC!$K$30:$K$33,4),CALC!$K$30:$K$33,0)) | U49: =INDEX(CALC!$H$30:$H$33,MATCH(LARGE(CALC!$K$30:$K$33,4),CALC!$K$30:$K$33,0)) | V49: =INDEX(CALC!$J$30:$J$33,MATCH(LARGE(CALC!$K$30:$K$33,4),CALC!$K$30:$K$33,0)) | X49: 4 | Y49: =INDEX(CALC!$B$34:$B$37,MATCH(LARGE(CALC!$K$34:$K$37,4),CALC!$K$34:$K$37,0)) | AA49: =INDEX(CALC!$C$34:$C$37,MATCH(LARGE(CALC!$K$34:$K$37,4),CALC!$K$34:$K$37,0)) | AB49: =INDEX(CALC!$D$34:$D$37,MATCH(LARGE(CALC!$K$34:$K$37,4),CALC!$K$34:$K$37,0)) | AC49: =INDEX(CALC!$E$34:$E$37,MATCH(LARGE(CALC!$K$34:$K$37,4),CALC!$K$34:$K$37,0)) | AD49: =INDEX(CALC!$F$34:$F$37,MATCH(LARGE(CALC!$K$34:$K$37,4),CALC!$K$34:$K$37,0)) | AE49: =INDEX(CALC!$G$34:$G$37,MATCH(LARGE(CALC!$K$34:$K$37,4),CALC!$K$34:$K$37,0)) | AF49: =INDEX(CALC!$H$34:$H$37,MATCH(LARGE(CALC!$K$34:$K$37,4),CALC!$K$34:$K$37,0)) | AG49: =INDEX(CALC!$J$34:$J$37,MATCH(LARGE(CALC!$K$34:$K$37,4),CALC!$K$34:$K$37,0))
B53: GRUPO J | I53: =COUNTA($G$55:$G$60)&"/6" | M53: GRUPO K | T53: =COUNTA($R$55:$R$60)&"/6" | X53: GRUPO L | AE53: =COUNTA($AC$55:$AC$60)&"/6"
B54: ID | C54: Jornada | D54: Fecha | E54: Local | G54: GF | H54: - | I54: GC | K54: Visitante | M54: ID | N54: Jornada | O54: Fecha | P54: Local | R54: GF | S54: - | T54: GC | V54: Visitante | X54: ID | Y54: Jornada | Z54: Fecha | AA54: Local | AC54: GF | AD54: - | AE54: GC | AG54: Visitante
B55: M19 | C55: 1 | D55: 17/06 | E55: Argentina | H55: – | K55: Argelia | M55: M23 | N55: 1 | O55: 17/06 | P55: Portugal | S55: – | V55: RD Congo | X55: M21 | Y55: 1 | Z55: 18/06 | AA55: Ghana | AD55: – | AG55: Panamá
B56: M20 | C56: 1 | D56: 17/06 | E56: Austria | H56: – | K56: Jordania | M56: M24 | N56: 1 | O56: 18/06 | P56: Uzbekistán | S56: – | V56: Colombia | X56: M22 | Y56: 1 | Z56: 17/06 | AA56: Inglaterra | AD56: – | AG56: Croacia
B57: M43 | C57: 2 | D57: 22/06 | E57: Argentina | H57: – | K57: Austria | M57: M47 | N57: 2 | O57: 23/06 | P57: Portugal | S57: – | V57: Uzbekistán | X57: M45 | Y57: 2 | Z57: 23/06 | AA57: Inglaterra | AD57: – | AG57: Ghana
B58: M44 | C58: 2 | D58: 23/06 | E58: Jordania | H58: – | K58: Argelia | M58: M48 | N58: 2 | O58: 24/06 | P58: Colombia | S58: – | V58: RD Congo | X58: M46 | Y58: 2 | Z58: 24/06 | AA58: Panamá | AD58: – | AG58: Croacia
B59: M69 | C59: 3 | D59: 28/06 | E59: Argelia | H59: – | K59: Austria | M59: M71 | N59: 3 | O59: 28/06 | P59: Colombia | S59: – | V59: Portugal | X59: M67 | Y59: 3 | Z59: 27/06 | AA59: Panamá | AD59: – | AG59: Inglaterra
B60: M70 | C60: 3 | D60: 28/06 | E60: Jordania | H60: – | K60: Argentina | M60: M72 | N60: 3 | O60: 28/06 | P60: RD Congo | S60: – | V60: Uzbekistán | X60: M68 | Y60: 3 | Z60: 27/06 | AA60: Croacia | AD60: – | AG60: Ghana
B61: CLASIFICACIÓN | M61: CLASIFICACIÓN | X61: CLASIFICACIÓN
B62: Pos | C62: Equipo | E62: PJ | F62: G | G62: E | H62: P | I62: GF | J62: GC | K62: PTS | M62: Pos | N62: Equipo | P62: PJ | Q62: G | R62: E | S62: P | T62: GF | U62: GC | V62: PTS | X62: Pos | Y62: Equipo | AA62: PJ | AB62: G | AC62: E | AD62: P | AE62: GF | AF62: GC | AG62: PTS
B63: 1 | C63: =INDEX(CALC!$B$38:$B$41,MATCH(LARGE(CALC!$K$38:$K$41,1),CALC!$K$38:$K$41,0)) | E63: =INDEX(CALC!$C$38:$C$41,MATCH(LARGE(CALC!$K$38:$K$41,1),CALC!$K$38:$K$41,0)) | F63: =INDEX(CALC!$D$38:$D$41,MATCH(LARGE(CALC!$K$38:$K$41,1),CALC!$K$38:$K$41,0)) | G63: =INDEX(CALC!$E$38:$E$41,MATCH(LARGE(CALC!$K$38:$K$41,1),CALC!$K$38:$K$41,0)) | H63: =INDEX(CALC!$F$38:$F$41,MATCH(LARGE(CALC!$K$38:$K$41,1),CALC!$K$38:$K$41,0)) | I63: =INDEX(CALC!$G$38:$G$41,MATCH(LARGE(CALC!$K$38:$K$41,1),CALC!$K$38:$K$41,0)) | J63: =INDEX(CALC!$H$38:$H$41,MATCH(LARGE(CALC!$K$38:$K$41,1),CALC!$K$38:$K$41,0)) | K63: =INDEX(CALC!$J$38:$J$41,MATCH(LARGE(CALC!$K$38:$K$41,1),CALC!$K$38:$K$41,0)) | M63: 1 | N63: =INDEX(CALC!$B$42:$B$45,MATCH(LARGE(CALC!$K$42:$K$45,1),CALC!$K$42:$K$45,0)) | P63: =INDEX(CALC!$C$42:$C$45,MATCH(LARGE(CALC!$K$42:$K$45,1),CALC!$K$42:$K$45,0)) | Q63: =INDEX(CALC!$D$42:$D$45,MATCH(LARGE(CALC!$K$42:$K$45,1),CALC!$K$42:$K$45,0)) | R63: =INDEX(CALC!$E$42:$E$45,MATCH(LARGE(CALC!$K$42:$K$45,1),CALC!$K$42:$K$45,0)) | S63: =INDEX(CALC!$F$42:$F$45,MATCH(LARGE(CALC!$K$42:$K$45,1),CALC!$K$42:$K$45,0)) | T63: =INDEX(CALC!$G$42:$G$45,MATCH(LARGE(CALC!$K$42:$K$45,1),CALC!$K$42:$K$45,0)) | U63: =INDEX(CALC!$H$42:$H$45,MATCH(LARGE(CALC!$K$42:$K$45,1),CALC!$K$42:$K$45,0)) | V63: =INDEX(CALC!$J$42:$J$45,MATCH(LARGE(CALC!$K$42:$K$45,1),CALC!$K$42:$K$45,0)) | X63: 1 | Y63: =INDEX(CALC!$B$46:$B$49,MATCH(LARGE(CALC!$K$46:$K$49,1),CALC!$K$46:$K$49,0)) | AA63: =INDEX(CALC!$C$46:$C$49,MATCH(LARGE(CALC!$K$46:$K$49,1),CALC!$K$46:$K$49,0)) | AB63: =INDEX(CALC!$D$46:$D$49,MATCH(LARGE(CALC!$K$46:$K$49,1),CALC!$K$46:$K$49,0)) | AC63: =INDEX(CALC!$E$46:$E$49,MATCH(LARGE(CALC!$K$46:$K$49,1),CALC!$K$46:$K$49,0)) | AD63: =INDEX(CALC!$F$46:$F$49,MATCH(LARGE(CALC!$K$46:$K$49,1),CALC!$K$46:$K$49,0)) | AE63: =INDEX(CALC!$G$46:$G$49,MATCH(LARGE(CALC!$K$46:$K$49,1),CALC!$K$46:$K$49,0)) | AF63: =INDEX(CALC!$H$46:$H$49,MATCH(LARGE(CALC!$K$46:$K$49,1),CALC!$K$46:$K$49,0)) | AG63: =INDEX(CALC!$J$46:$J$49,MATCH(LARGE(CALC!$K$46:$K$49,1),CALC!$K$46:$K$49,0))
B64: 2 | C64: =INDEX(CALC!$B$38:$B$41,MATCH(LARGE(CALC!$K$38:$K$41,2),CALC!$K$38:$K$41,0)) | E64: =INDEX(CALC!$C$38:$C$41,MATCH(LARGE(CALC!$K$38:$K$41,2),CALC!$K$38:$K$41,0)) | F64: =INDEX(CALC!$D$38:$D$41,MATCH(LARGE(CALC!$K$38:$K$41,2),CALC!$K$38:$K$41,0)) | G64: =INDEX(CALC!$E$38:$E$41,MATCH(LARGE(CALC!$K$38:$K$41,2),CALC!$K$38:$K$41,0)) | H64: =INDEX(CALC!$F$38:$F$41,MATCH(LARGE(CALC!$K$38:$K$41,2),CALC!$K$38:$K$41,0)) | I64: =INDEX(CALC!$G$38:$G$41,MATCH(LARGE(CALC!$K$38:$K$41,2),CALC!$K$38:$K$41,0)) | J64: =INDEX(CALC!$H$38:$H$41,MATCH(LARGE(CALC!$K$38:$K$41,2),CALC!$K$38:$K$41,0)) | K64: =INDEX(CALC!$J$38:$J$41,MATCH(LARGE(CALC!$K$38:$K$41,2),CALC!$K$38:$K$41,0)) | M64: 2 | N64: =INDEX(CALC!$B$42:$B$45,MATCH(LARGE(CALC!$K$42:$K$45,2),CALC!$K$42:$K$45,0)) | P64: =INDEX(CALC!$C$42:$C$45,MATCH(LARGE(CALC!$K$42:$K$45,2),CALC!$K$42:$K$45,0)) | Q64: =INDEX(CALC!$D$42:$D$45,MATCH(LARGE(CALC!$K$42:$K$45,2),CALC!$K$42:$K$45,0)) | R64: =INDEX(CALC!$E$42:$E$45,MATCH(LARGE(CALC!$K$42:$K$45,2),CALC!$K$42:$K$45,0)) | S64: =INDEX(CALC!$F$42:$F$45,MATCH(LARGE(CALC!$K$42:$K$45,2),CALC!$K$42:$K$45,0)) | T64: =INDEX(CALC!$G$42:$G$45,MATCH(LARGE(CALC!$K$42:$K$45,2),CALC!$K$42:$K$45,0)) | U64: =INDEX(CALC!$H$42:$H$45,MATCH(LARGE(CALC!$K$42:$K$45,2),CALC!$K$42:$K$45,0)) | V64: =INDEX(CALC!$J$42:$J$45,MATCH(LARGE(CALC!$K$42:$K$45,2),CALC!$K$42:$K$45,0)) | X64: 2 | Y64: =INDEX(CALC!$B$46:$B$49,MATCH(LARGE(CALC!$K$46:$K$49,2),CALC!$K$46:$K$49,0)) | AA64: =INDEX(CALC!$C$46:$C$49,MATCH(LARGE(CALC!$K$46:$K$49,2),CALC!$K$46:$K$49,0)) | AB64: =INDEX(CALC!$D$46:$D$49,MATCH(LARGE(CALC!$K$46:$K$49,2),CALC!$K$46:$K$49,0)) | AC64: =INDEX(CALC!$E$46:$E$49,MATCH(LARGE(CALC!$K$46:$K$49,2),CALC!$K$46:$K$49,0)) | AD64: =INDEX(CALC!$F$46:$F$49,MATCH(LARGE(CALC!$K$46:$K$49,2),CALC!$K$46:$K$49,0)) | AE64: =INDEX(CALC!$G$46:$G$49,MATCH(LARGE(CALC!$K$46:$K$49,2),CALC!$K$46:$K$49,0)) | AF64: =INDEX(CALC!$H$46:$H$49,MATCH(LARGE(CALC!$K$46:$K$49,2),CALC!$K$46:$K$49,0)) | AG64: =INDEX(CALC!$J$46:$J$49,MATCH(LARGE(CALC!$K$46:$K$49,2),CALC!$K$46:$K$49,0))
B65: 3 | C65: =INDEX(CALC!$B$38:$B$41,MATCH(LARGE(CALC!$K$38:$K$41,3),CALC!$K$38:$K$41,0)) | E65: =INDEX(CALC!$C$38:$C$41,MATCH(LARGE(CALC!$K$38:$K$41,3),CALC!$K$38:$K$41,0)) | F65: =INDEX(CALC!$D$38:$D$41,MATCH(LARGE(CALC!$K$38:$K$41,3),CALC!$K$38:$K$41,0)) | G65: =INDEX(CALC!$E$38:$E$41,MATCH(LARGE(CALC!$K$38:$K$41,3),CALC!$K$38:$K$41,0)) | H65: =INDEX(CALC!$F$38:$F$41,MATCH(LARGE(CALC!$K$38:$K$41,3),CALC!$K$38:$K$41,0)) | I65: =INDEX(CALC!$G$38:$G$41,MATCH(LARGE(CALC!$K$38:$K$41,3),CALC!$K$38:$K$41,0)) | J65: =INDEX(CALC!$H$38:$H$41,MATCH(LARGE(CALC!$K$38:$K$41,3),CALC!$K$38:$K$41,0)) | K65: =INDEX(CALC!$J$38:$J$41,MATCH(LARGE(CALC!$K$38:$K$41,3),CALC!$K$38:$K$41,0)) | M65: 3 | N65: =INDEX(CALC!$B$42:$B$45,MATCH(LARGE(CALC!$K$42:$K$45,3),CALC!$K$42:$K$45,0)) | P65: =INDEX(CALC!$C$42:$C$45,MATCH(LARGE(CALC!$K$42:$K$45,3),CALC!$K$42:$K$45,0)) | Q65: =INDEX(CALC!$D$42:$D$45,MATCH(LARGE(CALC!$K$42:$K$45,3),CALC!$K$42:$K$45,0)) | R65: =INDEX(CALC!$E$42:$E$45,MATCH(LARGE(CALC!$K$42:$K$45,3),CALC!$K$42:$K$45,0)) | S65: =INDEX(CALC!$F$42:$F$45,MATCH(LARGE(CALC!$K$42:$K$45,3),CALC!$K$42:$K$45,0)) | T65: =INDEX(CALC!$G$42:$G$45,MATCH(LARGE(CALC!$K$42:$K$45,3),CALC!$K$42:$K$45,0)) | U65: =INDEX(CALC!$H$42:$H$45,MATCH(LARGE(CALC!$K$42:$K$45,3),CALC!$K$42:$K$45,0)) | V65: =INDEX(CALC!$J$42:$J$45,MATCH(LARGE(CALC!$K$42:$K$45,3),CALC!$K$42:$K$45,0)) | X65: 3 | Y65: =INDEX(CALC!$B$46:$B$49,MATCH(LARGE(CALC!$K$46:$K$49,3),CALC!$K$46:$K$49,0)) | AA65: =INDEX(CALC!$C$46:$C$49,MATCH(LARGE(CALC!$K$46:$K$49,3),CALC!$K$46:$K$49,0)) | AB65: =INDEX(CALC!$D$46:$D$49,MATCH(LARGE(CALC!$K$46:$K$49,3),CALC!$K$46:$K$49,0)) | AC65: =INDEX(CALC!$E$46:$E$49,MATCH(LARGE(CALC!$K$46:$K$49,3),CALC!$K$46:$K$49,0)) | AD65: =INDEX(CALC!$F$46:$F$49,MATCH(LARGE(CALC!$K$46:$K$49,3),CALC!$K$46:$K$49,0)) | AE65: =INDEX(CALC!$G$46:$G$49,MATCH(LARGE(CALC!$K$46:$K$49,3),CALC!$K$46:$K$49,0)) | AF65: =INDEX(CALC!$H$46:$H$49,MATCH(LARGE(CALC!$K$46:$K$49,3),CALC!$K$46:$K$49,0)) | AG65: =INDEX(CALC!$J$46:$J$49,MATCH(LARGE(CALC!$K$46:$K$49,3),CALC!$K$46:$K$49,0))
B66: 4 | C66: =INDEX(CALC!$B$38:$B$41,MATCH(LARGE(CALC!$K$38:$K$41,4),CALC!$K$38:$K$41,0)) | E66: =INDEX(CALC!$C$38:$C$41,MATCH(LARGE(CALC!$K$38:$K$41,4),CALC!$K$38:$K$41,0)) | F66: =INDEX(CALC!$D$38:$D$41,MATCH(LARGE(CALC!$K$38:$K$41,4),CALC!$K$38:$K$41,0)) | G66: =INDEX(CALC!$E$38:$E$41,MATCH(LARGE(CALC!$K$38:$K$41,4),CALC!$K$38:$K$41,0)) | H66: =INDEX(CALC!$F$38:$F$41,MATCH(LARGE(CALC!$K$38:$K$41,4),CALC!$K$38:$K$41,0)) | I66: =INDEX(CALC!$G$38:$G$41,MATCH(LARGE(CALC!$K$38:$K$41,4),CALC!$K$38:$K$41,0)) | J66: =INDEX(CALC!$H$38:$H$41,MATCH(LARGE(CALC!$K$38:$K$41,4),CALC!$K$38:$K$41,0)) | K66: =INDEX(CALC!$J$38:$J$41,MATCH(LARGE(CALC!$K$38:$K$41,4),CALC!$K$38:$K$41,0)) | M66: 4 | N66: =INDEX(CALC!$B$42:$B$45,MATCH(LARGE(CALC!$K$42:$K$45,4),CALC!$K$42:$K$45,0)) | P66: =INDEX(CALC!$C$42:$C$45,MATCH(LARGE(CALC!$K$42:$K$45,4),CALC!$K$42:$K$45,0)) | Q66: =INDEX(CALC!$D$42:$D$45,MATCH(LARGE(CALC!$K$42:$K$45,4),CALC!$K$42:$K$45,0)) | R66: =INDEX(CALC!$E$42:$E$45,MATCH(LARGE(CALC!$K$42:$K$45,4),CALC!$K$42:$K$45,0)) | S66: =INDEX(CALC!$F$42:$F$45,MATCH(LARGE(CALC!$K$42:$K$45,4),CALC!$K$42:$K$45,0)) | T66: =INDEX(CALC!$G$42:$G$45,MATCH(LARGE(CALC!$K$42:$K$45,4),CALC!$K$42:$K$45,0)) | U66: =INDEX(CALC!$H$42:$H$45,MATCH(LARGE(CALC!$K$42:$K$45,4),CALC!$K$42:$K$45,0)) | V66: =INDEX(CALC!$J$42:$J$45,MATCH(LARGE(CALC!$K$42:$K$45,4),CALC!$K$42:$K$45,0)) | X66: 4 | Y66: =INDEX(CALC!$B$46:$B$49,MATCH(LARGE(CALC!$K$46:$K$49,4),CALC!$K$46:$K$49,0)) | AA66: =INDEX(CALC!$C$46:$C$49,MATCH(LARGE(CALC!$K$46:$K$49,4),CALC!$K$46:$K$49,0)) | AB66: =INDEX(CALC!$D$46:$D$49,MATCH(LARGE(CALC!$K$46:$K$49,4),CALC!$K$46:$K$49,0)) | AC66: =INDEX(CALC!$E$46:$E$49,MATCH(LARGE(CALC!$K$46:$K$49,4),CALC!$K$46:$K$49,0)) | AD66: =INDEX(CALC!$F$46:$F$49,MATCH(LARGE(CALC!$K$46:$K$49,4),CALC!$K$46:$K$49,0)) | AE66: =INDEX(CALC!$G$46:$G$49,MATCH(LARGE(CALC!$K$46:$K$49,4),CALC!$K$46:$K$49,0)) | AF66: =INDEX(CALC!$H$46:$H$49,MATCH(LARGE(CALC!$K$46:$K$49,4),CALC!$K$46:$K$49,0)) | AG66: =INDEX(CALC!$J$46:$J$49,MATCH(LARGE(CALC!$K$46:$K$49,4),CALC!$K$46:$K$49,0))

Sheet CALC
A1: A | B1: Equipo | C1: PJ | D1: G | E1: E | F1: P | G1: GF | H1: GC | I1: DG | J1: PTS | K1: KEY
B2: México | C2: =COUNT('Fase de Grupos'!G4,'Fase de Grupos'!G7,'Fase de Grupos'!I8) | D2: =IF(AND(ISNUMBER('Fase de Grupos'!G4),ISNUMBER('Fase de Grupos'!I4)),IF('Fase de Grupos'!G4>'Fase de Grupos'!I4,1,0),0)+IF(AND(ISNUMBER('Fase de Grupos'!G7),ISNUMBER('Fase de Grupos'!I7)),IF('Fase de Grupos'!G7>'Fase de Grupos'!I7,1,0),0)+IF(AND(ISNUMBER('Fase de Grupos'!G8),ISNUMBER('Fase de Grupos'!I8)),IF('Fase de Grupos'!I8>'Fase de Grupos'!G8,1,0),0) | E2: =IF(AND(ISNUMBER('Fase de Grupos'!G4),ISNUMBER('Fase de Grupos'!I4)),IF('Fase de Grupos'!G4='Fase de Grupos'!I4,1,0),0)+IF(AND(ISNUMBER('Fase de Grupos'!G7),ISNUMBER('Fase de Grupos'!I7)),IF('Fase de Grupos'!G7='Fase de Grupos'!I7,1,0),0)+IF(AND(ISNUMBER('Fase de Grupos'!G8),ISNUMBER('Fase de Grupos'!I8)),IF('Fase de Grupos'!I8='Fase de Grupos'!G8,1,0),0) | F2: =IF(AND(ISNUMBER('Fase de Grupos'!G4),ISNUMBER('Fase de Grupos'!I4)),IF('Fase de Grupos'!G4<'Fase de Grupos'!I4,1,0),0)+IF(AND(ISNUMBER('Fase de Grupos'!G7),ISNUMBER('Fase de Grupos'!I7)),IF('Fase de Grupos'!G7<'Fase de Grupos'!I7,1,0),0)+IF(AND(ISNUMBER('Fase de Grupos'!G8),ISNUMBER('Fase de Grupos'!I8)),IF('Fase de Grupos'!I8<'Fase de Grupos'!G8,1,0),0) | G2: =SUM('Fase de Grupos'!G4,'Fase de Grupos'!G7,'Fase de Grupos'!I8) | H2: =SUM('Fase de Grupos'!I4,'Fase de Grupos'!I7,'Fase de Grupos'!G8) | I2: =G2-H2 | J2: =D2*3+E2 | K2: =J2*100000+(I2+1000)*100+G2*10+3
B3: Sudáfrica | C3: =COUNT('Fase de Grupos'!G9,'Fase de Grupos'!I4,'Fase de Grupos'!I6) | D3: =IF(AND(ISNUMBER('Fase de Grupos'!G9),ISNUMBER('Fase de Grupos'!I9)),IF('Fase de Grupos'!G9>'Fase de Grupos'!I9,1,0),0)+IF(AND(ISNUMBER('Fase de Grupos'!G4),ISNUMBER('Fase de Grupos'!I4)),IF('Fase de Grupos'!I4>'Fase de Grupos'!G4,1,0),0)+IF(AND(ISNUMBER('Fase de Grupos'!G6),ISNUMBER('Fase de Grupos'!I6)),IF('Fase de Grupos'!I6>'Fase de Grupos'!G6,1,0),0) | E3: =IF(AND(ISNUMBER('Fase de Grupos'!G9),ISNUMBER('Fase de Grupos'!I9)),IF('Fase de Grupos'!G9='Fase de Grupos'!I9,1,0),0)+IF(AND(ISNUMBER('Fase de Grupos'!G4),ISNUMBER('Fase de Grupos'!I4)),IF('Fase de Grupos'!I4='Fase de Grupos'!G4,1,0),0)+IF(AND(ISNUMBER('Fase de Grupos'!G6),ISNUMBER('Fase de Grupos'!I6)),IF('Fase de Grupos'!I6='Fase de Grupos'!G6,1,0),0) | F3: =IF(AND(ISNUMBER('Fase de Grupos'!G9),ISNUMBER('Fase de Grupos'!I9)),IF('Fase de Grupos'!G9<'Fase de Grupos'!I9,1,0),0)+IF(AND(ISNUMBER('Fase de Grupos'!G4),ISNUMBER('Fase de Grupos'!I4)),IF('Fase de Grupos'!I4<'Fase de Grupos'!G4,1,0),0)+IF(AND(ISNUMBER('Fase de Grupos'!G6),ISNUMBER('Fase de Grupos'!I6)),IF('Fase de Grupos'!I6<'Fase de Grupos'!G6,1,0),0) | G3: =SUM('Fase de Grupos'!G9,'Fase de Grupos'!I4,'Fase de Grupos'!I6) | H3: =SUM('Fase de Grupos'!I9,'Fase de Grupos'!G4,'Fase de Grupos'!G6) | I3: =G3-H3 | J3: =D3*3+E3 | K3: =J3*100000+(I3+1000)*100+G3*10+2
B4: Corea del Sur | C4: =COUNT('Fase de Grupos'!G5,'Fase de Grupos'!I7,'Fase de Grupos'!I9) | D4: =IF(AND(ISNUMBER('Fase de Grupos'!G5),ISNUMBER('Fase de Grupos'!I5)),IF('Fase de Grupos'!G5>'Fase de Grupos'!I5,1,0),0)+IF(AND(ISNUMBER('Fase de Grupos'!G7),ISNUMBER('Fase de Grupos'!I7)),IF('Fase de Grupos'!I7>'Fase de Grupos'!G7,1,0),0)+IF(AND(ISNUMBER('Fase de Grupos'!G9),ISNUMBER('Fase de Grupos'!I9)),IF('Fase de Grupos'!I9>'Fase de Grupos'!G9,1,0),0) | E4: =IF(AND(ISNUMBER('Fase de Grupos'!G5),ISNUMBER('Fase de Grupos'!I5)),IF('Fase de Grupos'!G5='Fase de Grupos'!I5,1,0),0)+IF(AND(ISNUMBER('Fase de Grupos'!G7),ISNUMBER('Fase de Grupos'!I7)),IF('Fase de Grupos'!I7='Fase de Grupos'!G7,1,0),0)+IF(AND(ISNUMBER('Fase de Grupos'!G9),ISNUMBER('Fase de Grupos'!I9)),IF('Fase de Grupos'!I9='Fase de Grupos'!G9,1,0),0) | F4: =IF(AND(ISNUMBER('Fase de Grupos'!G5),ISNUMBER('Fase de Grupos'!I5)),IF('Fase de Grupos'!G5<'Fase de Grupos'!I5,1,0),0)+IF(AND(ISNUMBER('Fase de Grupos'!G7),ISNUMBER('Fase de Grupos'!I7)),IF('Fase de Grupos'!I7<'Fase de Grupos'!G7,1,0),0)+IF(AND(ISNUMBER('Fase de Grupos'!G9),ISNUMBER('Fase de Grupos'!I9)),IF('Fase de Grupos'!I9<'Fase de Grupos'!G9,1,0),0) | G4: =SUM('Fase de Grupos'!G5,'Fase de Grupos'!I7,'Fase de Grupos'!I9) | H4: =SUM('Fase de Grupos'!I5,'Fase de Grupos'!G7,'Fase de Grupos'!G9) | I4: =G4-H4 | J4: =D4*3+E4 | K4: =J4*100000+(I4+1000)*100+G4*10+1
A5: B | B5: República Checa | C5: =COUNT('Fase de Grupos'!G6,'Fase de Grupos'!G8,'Fase de Grupos'!I5) | D5: =IF(AND(ISNUMBER('Fase de Grupos'!G6),ISNUMBER('Fase de Grupos'!I6)),IF('Fase de Grupos'!G6>'Fase de Grupos'!I6,1,0),0)+IF(AND(ISNUMBER('Fase de Grupos'!G8),ISNUMBER('Fase de Grupos'!I8)),IF('Fase de Grupos'!G8>'Fase de Grupos'!I8,1,0),0)+IF(AND(ISNUMBER('Fase de Grupos'!G5),ISNUMBER('Fase de Grupos'!I5)),IF('Fase de Grupos'!I5>'Fase de Grupos'!G5,1,0),0) | E5: =IF(AND(ISNUMBER('Fase de Grupos'!G6),ISNUMBER('Fase de Grupos'!I6)),IF('Fase de Grupos'!G6='Fase de Grupos'!I6,1,0),0)+IF(AND(ISNUMBER('Fase de Grupos'!G8),ISNUMBER('Fase de Grupos'!I8)),IF('Fase de Grupos'!G8='Fase de Grupos'!I8,1,0),0)+IF(AND(ISNUMBER('Fase de Grupos'!G5),ISNUMBER('Fase de Grupos'!I5)),IF('Fase de Grupos'!I5='Fase de Grupos'!G5,1,0),0) | F5: =IF(AND(ISNUMBER('Fase de Grupos'!G6),ISNUMBER('Fase de Grupos'!I6)),IF('Fase de Grupos'!G6<'Fase de Grupos'!I6,1,0),0)+IF(AND(ISNUMBER('Fase de Grupos'!G8),ISNUMBER('Fase de Grupos'!I8)),IF('Fase de Grupos'!G8<'Fase de Grupos'!I8,1,0),0)+IF(AND(ISNUMBER('Fase de Grupos'!G5),ISNUMBER('Fase de Grupos'!I5)),IF('Fase de Grupos'!I5<'Fase de Grupos'!G5,1,0),0) | G5: =SUM('Fase de Grupos'!G6,'Fase de Grupos'!G8,'Fase de Grupos'!I5) | H5: =SUM('Fase de Grupos'!I6,'Fase de Grupos'!I8,'Fase de Grupos'!G5) | I5: =G5-H5 | J5: =D5*3+E5 | K5: =J5*100000+(I5+1000)*100+G5*10+0
B6: Canadá | C6: =COUNT('Fase de Grupos'!R4,'Fase de Grupos'!R7,'Fase de Grupos'!T8) | D6: =IF(AND(ISNUMBER('Fase de Grupos'!R4),ISNUMBER('Fase de Grupos'!T4)),IF('Fase de Grupos'!R4>'Fase de Grupos'!T4,1,0),0)+IF(AND(ISNUMBER('Fase de Grupos'!R7),ISNUMBER('Fase de Grupos'!T7)),IF('Fase de Grupos'!R7>'Fase de Grupos'!T7,1,0),0)+IF(AND(ISNUMBER('Fase de Grupos'!R8),ISNUMBER('Fase de Grupos'!T8)),IF('Fase de Grupos'!T8>'Fase de Grupos'!R8,1,0),0) | E6: =IF(AND(ISNUMBER('Fase de Grupos'!R4),ISNUMBER('Fase de Grupos'!T4)),IF('Fase de Grupos'!R4='Fase de Grupos'!T4,1,0),0)+IF(AND(ISNUMBER('Fase de Grupos'!R7),ISNUMBER('Fase de Grupos'!T7)),IF('Fase de Grupos'!R7='Fase de Grupos'!T7,1,0),0)+IF(AND(ISNUMBER('Fase de Grupos'!R8),ISNUMBER('Fase de Grupos'!T8)),IF('Fase de Grupos'!T8='Fase de Grupos'!R8,1,0),0) | F6: =IF(AND(ISNUMBER('Fase de Grupos'!R4),ISNUMBER('Fase de Grupos'!T4)),IF('Fase de Grupos'!R4<'Fase de Grupos'!T4,1,0),0)+IF(AND(ISNUMBER('Fase de Grupos'!R7),ISNUMBER('Fase de Grupos'!T7)),IF('Fase de Grupos'!R7<'Fase de Grupos'!T7,1,0),0)+IF(AND(ISNUMBER('Fase de Grupos'!R8),ISNUMBER('Fase de Grupos'!T8)),IF('Fase de Grupos'!T8<'Fase de Grupos'!R8,1,0),0) | G6: =SUM('Fase de Grupos'!R4,'Fase de Grupos'!R7,'Fase de Grupos'!T8) | H6: =SUM('Fase de Grupos'!T4,'Fase de Grupos'!T7,'Fase de Grupos'!R8) | I6: =G6-H6 | J6: =D6*3+E6 | K6: =J6*100000+(I6+1000)*100+G6*10+3
B7: Suiza | C7: =COUNT('Fase de Grupos'!R6,'Fase de Grupos'!R8,'Fase de Grupos'!T5) | D7: =IF(AND(ISNUMBER('Fase de Grupos'!R6),ISNUMBER('Fase de Grupos'!T6)),IF('Fase de Grupos'!R6>'Fase de Grupos'!T6,1,0),0)+IF(AND(ISNUMBER('Fase de Grupos'!R8),ISNUMBER('Fase de Grupos'!T8)),IF('Fase de Grupos'!R8>'Fase de Grupos'!T8,1,0),0)+IF(AND(ISNUMBER('Fase de Grupos'!R5),ISNUMBER('Fase de Grupos'!T5)),IF('Fase de Grupos'!T5>'Fase de Grupos'!R5,1,0),0) | E7: =IF(AND(ISNUMBER('Fase de Grupos'!R6),ISNUMBER('Fase de Grupos'!T6)),IF('Fase de Grupos'!R6='Fase de Grupos'!T6,1,0),0)+IF(AND(ISNUMBER('Fase de Grupos'!R8),ISNUMBER('Fase de Grupos'!T8)),IF('Fase de Grupos'!R8='Fase de Grupos'!T8,1,0),0)+IF(AND(ISNUMBER('Fase de Grupos'!R5),ISNUMBER('Fase de Grupos'!T5)),IF('Fase de Grupos'!T5='Fase de Grupos'!R5,1,0),0) | F7: =IF(AND(ISNUMBER('Fase de Grupos'!R6),ISNUMBER('Fase de Grupos'!T6)),IF('Fase de Grupos'!R6<'Fase de Grupos'!T6,1,0),0)+IF(AND(ISNUMBER('Fase de Grupos'!R8),ISNUMBER('Fase de Grupos'!T8)),IF('Fase de Grupos'!R8<'Fase de Grupos'!T8,1,0),0)+IF(AND(ISNUMBER('Fase de Grupos'!R5),ISNUMBER('Fase de Grupos'!T5)),IF('Fase de Grupos'!T5<'Fase de Grupos'!R5,1,0),0) | G7: =SUM('Fase de Grupos'!R6,'Fase de Grupos'!R8,'Fase de Grupos'!T5) | H7: =SUM('Fase de Grupos'!T6,'Fase de Grupos'!T8,'Fase de Grupos'!R5) | I7: =G7-H7 | J7: =D7*3+E7 | K7: =J7*100000+(I7+1000)*100+G7*10+2
B8: Catar | C8: =COUNT('Fase de Grupos'!R5,'Fase de Grupos'!T7,'Fase de Grupos'!T9) | D8: =IF(AND(ISNUMBER('Fase de Grupos'!R5),ISNUMBER('Fase de Grupos'!T5)),IF('Fase de Grupos'!R5>'Fase de Grupos'!T5,1,0),0)+IF(AND(ISNUMBER('Fase de Grupos'!R7),ISNUMBER('Fase de Grupos'!T7)),IF('Fase de Grupos'!T7>'Fase de Grupos'!R7,1,0),0)+IF(AND(ISNUMBER('Fase de Grupos'!R9),ISNUMBER('Fase de Grupos'!T9)),IF('Fase de Grupos'!T9>'Fase de Grupos'!R9,1,0),0) | E8: =IF(AND(ISNUMBER('Fase de Grupos'!R5),ISNUMBER('Fase de Grupos'!T5)),IF('Fase de Grupos'!R5='Fase de Grupos'!T5,1,0),0)+IF(AND(ISNUMBER('Fase de Grupos'!R7),ISNUMBER('Fase de Grupos'!T7)),IF('Fase de Grupos'!T7='Fase de Grupos'!R7,1,0),0)+IF(AND(ISNUMBER('Fase de Grupos'!R9),ISNUMBER('Fase de Grupos'!T9)),IF('Fase de Grupos'!T9='Fase de Grupos'!R9,1,0),0) | F8: =IF(AND(ISNUMBER('Fase de Grupos'!R5),ISNUMBER('Fase de Grupos'!T5)),IF('Fase de Grupos'!R5<'Fase de Grupos'!T5,1,0),0)+IF(AND(ISNUMBER('Fase de Grupos'!R7),ISNUMBER('Fase de Grupos'!T7)),IF('Fase de Grupos'!T7<'Fase de Grupos'!R7,1,0),0)+IF(AND(ISNUMBER('Fase de Grupos'!R9),ISNUMBER('Fase de Grupos'!T9)),IF('Fase de Grupos'!T9<'Fase de Grupos'!R9,1,0),0) | G8: =SUM('Fase de Grupos'!R5,'Fase de Grupos'!T7,'Fase de Grupos'!T9) | H8: =SUM('Fase de Grupos'!T5,'Fase de Grupos'!R7,'Fase de Grupos'!R9) | I8: =G8-H8 | J8: =D8*3+E8 | K8: =J8*100000+(I8+1000)*100+G8*10+1
A9: C | B9: Bosnia y Herz. | C9: =COUNT('Fase de Grupos'!R9,'Fase de Grupos'!T4,'Fase de Grupos'!T6) | D9: =IF(AND(ISNUMBER('Fase de Grupos'!R9),ISNUMBER('Fase de Grupos'!T9)),IF('Fase de Grupos'!R9>'Fase de Grupos'!T9,1,0),0)+IF(AND(ISNUMBER('Fase de Grupos'!R4),ISNUMBER('Fase de Grupos'!T4)),IF('Fase de Grupos'!T4>'Fase de Grupos'!R4,1,0),0)+IF(AND(ISNUMBER('Fase de Grupos'!R6),ISNUMBER('Fase de Grupos'!T6)),IF('Fase de Grupos'!T6>'Fase de Grupos'!R6,1,0),0) | E9: =IF(AND(ISNUMBER('Fase de Grupos'!R9),ISNUMBER('Fase de Grupos'!T9)),IF('Fase de Grupos'!R9='Fase de Grupos'!T9,1,0),0)+IF(AND(ISNUMBER('Fase de Grupos'!R4),ISNUMBER('Fase de Grupos'!T4)),IF('Fase de Grupos'!T4='Fase de Grupos'!R4,1,0),0)+IF(AND(ISNUMBER('Fase de Grupos'!R6),ISNUMBER('Fase de Grupos'!T6)),IF('Fase de Grupos'!T6='Fase de Grupos'!R6,1,0),0) | F9: =IF(AND(ISNUMBER('Fase de Grupos'!R9),ISNUMBER('Fase de Grupos'!T9)),IF('Fase de Grupos'!R9<'Fase de Grupos'!T9,1,0),0)+IF(AND(ISNUMBER('Fase de Grupos'!R4),ISNUMBER('Fase de Grupos'!T4)),IF('Fase de Grupos'!T4<'Fase de Grupos'!R4,1,0),0)+IF(AND(ISNUMBER('Fase de Grupos'!R6),ISNUMBER('Fase de Grupos'!T6)),IF('Fase de Grupos'!T6<'Fase de Grupos'!R6,1,0),0) | G9: =SUM('Fase de Grupos'!R9,'Fase de Grupos'!T4,'Fase de Grupos'!T6) | H9: =SUM('Fase de Grupos'!T9,'Fase de Grupos'!R4,'Fase de Grupos'!R6) | I9: =G9-H9 | J9: =D9*3+E9 | K9: =J9*100000+(I9+1000)*100+G9*10+0
B10: Brasil | C10: =COUNT('Fase de Grupos'!AC5,'Fase de Grupos'!AC6,'Fase de Grupos'!AE8) | D10: =IF(AND(ISNUMBER('Fase de Grupos'!AC5),ISNUMBER('Fase de Grupos'!AE5)),IF('Fase de Grupos'!AC5>'Fase de Grupos'!AE5,1,0),0)+IF(AND(ISNUMBER('Fase de Grupos'!AC6),ISNUMBER('Fase de Grupos'!AE6)),IF('Fase de Grupos'!AC6>'Fase de Grupos'!AE6,1,0),0)+IF(AND(ISNUMBER('Fase de Grupos'!AC8),ISNUMBER('Fase de Grupos'!AE8)),IF('Fase de Grupos'!AE8>'Fase de Grupos'!AC8,1,0),0) | E10: =IF(AND(ISNUMBER('Fase de Grupos'!AC5),ISNUMBER('Fase de Grupos'!AE5)),IF('Fase de Grupos'!AC5='Fase de Grupos'!AE5,1,0),0)+IF(AND(ISNUMBER('Fase de Grupos'!AC6),ISNUMBER('Fase de Grupos'!AE6)),IF('Fase de Grupos'!AC6='Fase de Grupos'!AE6,1,0),0)+IF(AND(ISNUMBER('Fase de Grupos'!AC8),ISNUMBER('Fase de Grupos'!AE8)),IF('Fase de Grupos'!AE8='Fase de Grupos'!AC8,1,0),0) | F10: =IF(AND(ISNUMBER('Fase de Grupos'!AC5),ISNUMBER('Fase de Grupos'!AE5)),IF('Fase de Grupos'!AC5<'Fase de Grupos'!AE5,1,0),0)+IF(AND(ISNUMBER('Fase de Grupos'!AC6),ISNUMBER('Fase de Grupos'!AE6)),IF('Fase de Grupos'!AC6<'Fase de Grupos'!AE6,1,0),0)+IF(AND(ISNUMBER('Fase de Grupos'!AC8),ISNUMBER('Fase de Grupos'!AE8)),IF('Fase de Grupos'!AE8<'Fase de Grupos'!AC8,1,0),0) | G10: =SUM('Fase de Grupos'!AC5,'Fase de Grupos'!AC6,'Fase de Grupos'!AE8) | H10: =SUM('Fase de Grupos'!AE5,'Fase de Grupos'!AE6,'Fase de Grupos'!AC8) | I10: =G10-H10 | J10: =D10*3+E10 | K10: =J10*100000+(I10+1000)*100+G10*10+3
B11: Marruecos | C11: =COUNT('Fase de Grupos'!AC9,'Fase de Grupos'!AE5,'Fase de Grupos'!AE7) | D11: =IF(AND(ISNUMBER('Fase de Grupos'!AC9),ISNUMBER('Fase de Grupos'!AE9)),IF('Fase de Grupos'!AC9>'Fase de Grupos'!AE9,1,0),0)+IF(AND(ISNUMBER('Fase de Grupos'!AC5),ISNUMBER('Fase de Grupos'!AE5)),IF('Fase de Grupos'!AE5>'Fase de Grupos'!AC5,1,0),0)+IF(AND(ISNUMBER('Fase de Grupos'!AC7),ISNUMBER('Fase de Grupos'!AE7)),IF('Fase de Grupos'!AE7>'Fase de Grupos'!AC7,1,0),0) | E11: =IF(AND(ISNUMBER('Fase de Grupos'!AC9),ISNUMBER('Fase de Grupos'!AE9)),IF('Fase de Grupos'!AC9='Fase de Grupos'!AE9,1,0),0)+IF(AND(ISNUMBER('Fase de Grupos'!AC5),ISNUMBER('Fase de Grupos'!AE5)),IF('Fase de Grupos'!AE5='Fase de Grupos'!AC5,1,0),0)+IF(AND(ISNUMBER('Fase de Grupos'!AC7),ISNUMBER('Fase de Grupos'!AE7)),IF('Fase de Grupos'!AE7='Fase de Grupos'!AC7,1,0),0) | F11: =IF(AND(ISNUMBER('Fase de Grupos'!AC9),ISNUMBER('Fase de Grupos'!AE9)),IF('Fase de Grupos'!AC9<'Fase de Grupos'!AE9,1,0),0)+IF(AND(ISNUMBER('Fase de Grupos'!AC5),ISNUMBER('Fase de Grupos'!AE5)),IF('Fase de Grupos'!AE5<'Fase de Grupos'!AC5,1,0),0)+IF(AND(ISNUMBER('Fase de Grupos'!AC7),ISNUMBER('Fase de Grupos'!AE7)),IF('Fase de Grupos'!AE7<'Fase de Grupos'!AC7,1,0),0) | G11: =SUM('Fase de Grupos'!AC9,'Fase de Grupos'!AE5,'Fase de Grupos'!AE7) | H11: =SUM('Fase de Grupos'!AE9,'Fase de Grupos'!AC5,'Fase de Grupos'!AC7) | I11: =G11-H11 | J11: =D11*3+E11 | K11: =J11*100000+(I11+1000)*100+G11*10+2
B12: Escocia | C12: =COUNT('Fase de Grupos'!AC7,'Fase de Grupos'!AC8,'Fase de Grupos'!AE4) | D12: =IF(AND(ISNUMBER('Fase de Grupos'!AC7),ISNUMBER('Fase de Grupos'!AE7)),IF('Fase de Grupos'!AC7>'Fase de Grupos'!AE7,1,0),0)+IF(AND(ISNUMBER('Fase de Grupos'!AC8),ISNUMBER('Fase de Grupos'!AE8)),IF('Fase de Grupos'!AC8>'Fase de Grupos'!AE8,1,0),0)+IF(AND(ISNUMBER('Fase de Grupos'!AC4),ISNUMBER('Fase de Grupos'!AE4)),IF('Fase de Grupos'!AE4>'Fase de Grupos'!AC4,1,0),0) | E12: =IF(AND(ISNUMBER('Fase de Grupos'!AC7),ISNUMBER('Fase de Grupos'!AE7)),IF('Fase de Grupos'!AC7='Fase de Grupos'!AE7,1,0),0)+IF(AND(ISNUMBER('Fase de Grupos'!AC8),ISNUMBER('Fase de Grupos'!AE8)),IF('Fase de Grupos'!AC8='Fase de Grupos'!AE8,1,0),0)+IF(AND(ISNUMBER('Fase de Grupos'!AC4),ISNUMBER('Fase de Grupos'!AE4)),IF('Fase de Grupos'!AE4='Fase de Grupos'!AC4,1,0),0) | F12: =IF(AND(ISNUMBER('Fase de Grupos'!AC7),ISNUMBER('Fase de Grupos'!AE7)),IF('Fase de Grupos'!AC7<'Fase de Grupos'!AE7,1,0),0)+IF(AND(ISNUMBER('Fase de Grupos'!AC8),ISNUMBER('Fase de Grupos'!AE8)),IF('Fase de Grupos'!AC8<'Fase de Grupos'!AE8,1,0),0)+IF(AND(ISNUMBER('Fase de Grupos'!AC4),ISNUMBER('Fase de Grupos'!AE4)),IF('Fase de Grupos'!AE4<'Fase de Grupos'!AC4,1,0),0) | G12: =SUM('Fase de Grupos'!AC7,'Fase de Grupos'!AC8,'Fase de Grupos'!AE4) | H12: =SUM('Fase de Grupos'!AE7,'Fase de Grupos'!AE8,'Fase de Grupos'!AC4) | I12: =G12-H12 | J12: =D12*3+E12 | K12: =J12*100000+(I12+1000)*100+G12*10+1
A13: D | B13: Haití | C13: =COUNT('Fase de Grupos'!AC4,'Fase de Grupos'!AE6,'Fase de Grupos'!AE9) | D13: =IF(AND(ISNUMBER('Fase de Grupos'!AC4),ISNUMBER('Fase de Grupos'!AE4)),IF('Fase de Grupos'!AC4>'Fase de Grupos'!AE4,1,0),0)+IF(AND(ISNUMBER('Fase de Grupos'!AC6),ISNUMBER('Fase de Grupos'!AE6)),IF('Fase de Grupos'!AE6>'Fase de Grupos'!AC6,1,0),0)+IF(AND(ISNUMBER('Fase de Grupos'!AC9),ISNUMBER('Fase de Grupos'!AE9)),IF('Fase de Grupos'!AE9>'Fase de Grupos'!AC9,1,0),0) | E13: =IF(AND(ISNUMBER('Fase de Grupos'!AC4),ISNUMBER('Fase de Grupos'!AE4)),IF('Fase de Grupos'!AC4='Fase de Grupos'!AE4,1,0),0)+IF(AND(ISNUMBER('Fase de Grupos'!AC6),ISNUMBER('Fase de Grupos'!AE6)),IF('Fase de Grupos'!AE6='Fase de Grupos'!AC6,1,0),0)+IF(AND(ISNUMBER('Fase de Grupos'!AC9),ISNUMBER('Fase de Grupos'!AE9)),IF('Fase de Grupos'!AE9='Fase de Grupos'!AC9,1,0),0) | F13: =IF(AND(ISNUMBER('Fase de Grupos'!AC4),ISNUMBER('Fase de Grupos'!AE4)),IF('Fase de Grupos'!AC4<'Fase de Grupos'!AE4,1,0),0)+IF(AND(ISNUMBER('Fase de Grupos'!AC6),ISNUMBER('Fase de Grupos'!AE6)),IF('Fase de Grupos'!AE6<'Fase de Grupos'!AC6,1,0),0)+IF(AND(ISNUMBER('Fase de Grupos'!AC9),ISNUMBER('Fase de Grupos'!AE9)),IF('Fase de Grupos'!AE9<'Fase de Grupos'!AC9,1,0),0) | G13: =SUM('Fase de Grupos'!AC4,'Fase de Grupos'!AE6,'Fase de Grupos'!AE9) | H13: =SUM('Fase de Grupos'!AE4,'Fase de Grupos'!AC6,'Fase de Grupos'!AC9) | I13: =G13-H13 | J13: =D13*3+E13 | K13: =J13*100000+(I13+1000)*100+G13*10+0
B14: Estados Unidos | C14: =COUNT('Fase de Grupos'!G21,'Fase de Grupos'!G24,'Fase de Grupos'!I25) | D14: =IF(AND(ISNUMBER('Fase de Grupos'!G21),ISNUMBER('Fase de Grupos'!I21)),IF('Fase de Grupos'!G21>'Fase de Grupos'!I21,1,0),0)+IF(AND(ISNUMBER('Fase de Grupos'!G24),ISNUMBER('Fase de Grupos'!I24)),IF('Fase de Grupos'!G24>'Fase de Grupos'!I24,1,0),0)+IF(AND(ISNUMBER('Fase de Grupos'!G25),ISNUMBER('Fase de Grupos'!I25)),IF('Fase de Grupos'!I25>'Fase de Grupos'!G25,1,0),0) | E14: =IF(AND(ISNUMBER('Fase de Grupos'!G21),ISNUMBER('Fase de Grupos'!I21)),IF('Fase de Grupos'!G21='Fase de Grupos'!I21,1,0),0)+IF(AND(ISNUMBER('Fase de Grupos'!G24),ISNUMBER('Fase de Grupos'!I24)),IF('Fase de Grupos'!G24='Fase de Grupos'!I24,1,0),0)+IF(AND(ISNUMBER('Fase de Grupos'!G25),ISNUMBER('Fase de Grupos'!I25)),IF('Fase de Grupos'!I25='Fase de Grupos'!G25,1,0),0) | F14: =IF(AND(ISNUMBER('Fase de Grupos'!G21),ISNUMBER('Fase de Grupos'!I21)),IF('Fase de Grupos'!G21<'Fase de Grupos'!I21,1,0),0)+IF(AND(ISNUMBER('Fase de Grupos'!G24),ISNUMBER('Fase de Grupos'!I24)),IF('Fase de Grupos'!G24<'Fase de Grupos'!I24,1,0),0)+IF(AND(ISNUMBER('Fase de Grupos'!G25),ISNUMBER('Fase de Grupos'!I25)),IF('Fase de Grupos'!I25<'Fase de Grupos'!G25,1,0),0) | G14: =SUM('Fase de Grupos'!G21,'Fase de Grupos'!G24,'Fase de Grupos'!I25) | H14: =SUM('Fase de Grupos'!I21,'Fase de Grupos'!I24,'Fase de Grupos'!G25) | I14: =G14-H14 | J14: =D14*3+E14 | K14: =J14*100000+(I14+1000)*100+G14*10+3
B15: Paraguay | C15: =COUNT('Fase de Grupos'!G26,'Fase de Grupos'!I21,'Fase de Grupos'!I23) | D15: =IF(AND(ISNUMBER('Fase de Grupos'!G26),ISNUMBER('Fase de Grupos'!I26)),IF('Fase de Grupos'!G26>'Fase de Grupos'!I26,1,0),0)+IF(AND(ISNUMBER('Fase de Grupos'!G21),ISNUMBER('Fase de Grupos'!I21)),IF('Fase de Grupos'!I21>'Fase de Grupos'!G21,1,0),0)+IF(AND(ISNUMBER('Fase de Grupos'!G23),ISNUMBER('Fase de Grupos'!I23)),IF('Fase de Grupos'!I23>'Fase de Grupos'!G23,1,0),0) | E15: =IF(AND(ISNUMBER('Fase de Grupos'!G26),ISNUMBER('Fase de Grupos'!I26)),IF('Fase de Grupos'!G26='Fase de Grupos'!I26,1,0),0)+IF(AND(ISNUMBER('Fase de Grupos'!G21),ISNUMBER('Fase de Grupos'!I21)),IF('Fase de Grupos'!I21='Fase de Grupos'!G21,1,0),0)+IF(AND(ISNUMBER('Fase de Grupos'!G23),ISNUMBER('Fase de Grupos'!I23)),IF('Fase de Grupos'!I23='Fase de Grupos'!G23,1,0),0) | F15: =IF(AND(ISNUMBER('Fase de Grupos'!G26),ISNUMBER('Fase de Grupos'!I26)),IF('Fase de Grupos'!G26<'Fase de Grupos'!I26,1,0),0)+IF(AND(ISNUMBER('Fase de Grupos'!G21),ISNUMBER('Fase de Grupos'!I21)),IF('Fase de Grupos'!I21<'Fase de Grupos'!G21,1,0),0)+IF(AND(ISNUMBER('Fase de Grupos'!G23),ISNUMBER('Fase de Grupos'!I23)),IF('Fase de Grupos'!I23<'Fase de Grupos'!G23,1,0),0) | G15: =SUM('Fase de Grupos'!G26,'Fase de Grupos'!I21,'Fase de Grupos'!I23) | H15: =SUM('Fase de Grupos'!I26,'Fase de Grupos'!G21,'Fase de Grupos'!G23) | I15: =G15-H15 | J15: =D15*3+E15 | K15: =J15*100000+(I15+1000)*100+G15*10+2
B16: Australia | C16: =COUNT('Fase de Grupos'!G22,'Fase de Grupos'!I24,'Fase de Grupos'!I26) | D16: =IF(AND(ISNUMBER('Fase de Grupos'!G22),ISNUMBER('Fase de Grupos'!I22)),IF('Fase de Grupos'!G22>'Fase de Grupos'!I22,1,0),0)+IF(AND(ISNUMBER('Fase de Grupos'!G24),ISNUMBER('Fase de Grupos'!I24)),IF('Fase de Grupos'!I24>'Fase de Grupos'!G24,1,0),0)+IF(AND(ISNUMBER('Fase de Grupos'!G26),ISNUMBER('Fase de Grupos'!I26)),IF('Fase de Grupos'!I26>'Fase de Grupos'!G26,1,0),0) | E16: =IF(AND(ISNUMBER('Fase de Grupos'!G22),ISNUMBER('Fase de Grupos'!I22)),IF('Fase de Grupos'!G22='Fase de Grupos'!I22,1,0),0)+IF(AND(ISNUMBER('Fase de Grupos'!G24),ISNUMBER('Fase de Grupos'!I24)),IF('Fase de Grupos'!I24='Fase de Grupos'!G24,1,0),0)+IF(AND(ISNUMBER('Fase de Grupos'!G26),ISNUMBER('Fase de Grupos'!I26)),IF('Fase de Grupos'!I26='Fase de Grupos'!G26,1,0),0) | F16: =IF(AND(ISNUMBER('Fase de Grupos'!G22),ISNUMBER('Fase de Grupos'!I22)),IF('Fase de Grupos'!G22<'Fase de Grupos'!I22,1,0),0)+IF(AND(ISNUMBER('Fase de Grupos'!G24),ISNUMBER('Fase de Grupos'!I24)),IF('Fase de Grupos'!I24<'Fase de Grupos'!G24,1,0),0)+IF(AND(ISNUMBER('Fase de Grupos'!G26),ISNUMBER('Fase de Grupos'!I26)),IF('Fase de Grupos'!I26<'Fase de Grupos'!G26,1,0),0) | G16: =SUM('Fase de Grupos'!G22,'Fase de Grupos'!I24,'Fase de Grupos'!I26) | H16: =SUM('Fase de Grupos'!I22,'Fase de Grupos'!G24,'Fase de Grupos'!G26) | I16: =G16-H16 | J16: =D16*3+E16 | K16: =J16*100000+(I16+1000)*100+G16*10+1
A17: E | B17: Turquía | C17: =COUNT('Fase de Grupos'!G23,'Fase de Grupos'!G25,'Fase de Grupos'!I22) | D17: =IF(AND(ISNUMBER('Fase de Grupos'!G23),ISNUMBER('Fase de Grupos'!I23)),IF('Fase de Grupos'!G23>'Fase de Grupos'!I23,1,0),0)+IF(AND(ISNUMBER('Fase de Grupos'!G25),ISNUMBER('Fase de Grupos'!I25)),IF('Fase de Grupos'!G25>'Fase de Grupos'!I25,1,0),0)+IF(AND(ISNUMBER('Fase de Grupos'!G22),ISNUMBER('Fase de Grupos'!I22)),IF('Fase de Grupos'!I22>'Fase de Grupos'!G22,1,0),0) | E17: =IF(AND(ISNUMBER('Fase de Grupos'!G23),ISNUMBER('Fase de Grupos'!I23)),IF('Fase de Grupos'!G23='Fase de Grupos'!I23,1,0),0)+IF(AND(ISNUMBER('Fase de Grupos'!G25),ISNUMBER('Fase de Grupos'!I25)),IF('Fase de Grupos'!G25='Fase de Grupos'!I25,1,0),0)+IF(AND(ISNUMBER('Fase de Grupos'!G22),ISNUMBER('Fase de Grupos'!I22)),IF('Fase de Grupos'!I22='Fase de Grupos'!G22,1,0),0) | F17: =IF(AND(ISNUMBER('Fase de Grupos'!G23),ISNUMBER('Fase de Grupos'!I23)),IF('Fase de Grupos'!G23<'Fase de Grupos'!I23,1,0),0)+IF(AND(ISNUMBER('Fase de Grupos'!G25),ISNUMBER('Fase de Grupos'!I25)),IF('Fase de Grupos'!G25<'Fase de Grupos'!I25,1,0),0)+IF(AND(ISNUMBER('Fase de Grupos'!G22),ISNUMBER('Fase de Grupos'!I22)),IF('Fase de Grupos'!I22<'Fase de Grupos'!G22,1,0),0) | G17: =SUM('Fase de Grupos'!G23,'Fase de Grupos'!G25,'Fase de Grupos'!I22) | H17: =SUM('Fase de Grupos'!I23,'Fase de Grupos'!I25,'Fase de Grupos'!G22) | I17: =G17-H17 | J17: =D17*3+E17 | K17: =J17*100000+(I17+1000)*100+G17*10+0
B18: Alemania | C18: =COUNT('Fase de Grupos'!R22,'Fase de Grupos'!R23,'Fase de Grupos'!T26) | D18: =IF(AND(ISNUMBER('Fase de Grupos'!R22),ISNUMBER('Fase de Grupos'!T22)),IF('Fase de Grupos'!R22>'Fase de Grupos'!T22,1,0),0)+IF(AND(ISNUMBER('Fase de Grupos'!R23),ISNUMBER('Fase de Grupos'!T23)),IF('Fase de Grupos'!R23>'Fase de Grupos'!T23,1,0),0)+IF(AND(ISNUMBER('Fase de Grupos'!R26),ISNUMBER('Fase de Grupos'!T26)),IF('Fase de Grupos'!T26>'Fase de Grupos'!R26,1,0),0) | E18: =IF(AND(ISNUMBER('Fase de Grupos'!R22),ISNUMBER('Fase de Grupos'!T22)),IF('Fase de Grupos'!R22='Fase de Grupos'!T22,1,0),0)+IF(AND(ISNUMBER('Fase de Grupos'!R23),ISNUMBER('Fase de Grupos'!T23)),IF('Fase de Grupos'!R23='Fase de Grupos'!T23,1,0),0)+IF(AND(ISNUMBER('Fase de Grupos'!R26),ISNUMBER('Fase de Grupos'!T26)),IF('Fase de Grupos'!T26='Fase de Grupos'!R26,1,0),0) | F18: =IF(AND(ISNUMBER('Fase de Grupos'!R22),ISNUMBER('Fase de Grupos'!T22)),IF('Fase de Grupos'!R22<'Fase de Grupos'!T22,1,0),0)+IF(AND(ISNUMBER('Fase de Grupos'!R23),ISNUMBER('Fase de Grupos'!T23)),IF('Fase de Grupos'!R23<'Fase de Grupos'!T23,1,0),0)+IF(AND(ISNUMBER('Fase de Grupos'!R26),ISNUMBER('Fase de Grupos'!T26)),IF('Fase de Grupos'!T26<'Fase de Grupos'!R26,1,0),0) | G18: =SUM('Fase de Grupos'!R22,'Fase de Grupos'!R23,'Fase de Grupos'!T26) | H18: =SUM('Fase de Grupos'!T22,'Fase de Grupos'!T23,'Fase de Grupos'!R26) | I18: =G18-H18 | J18: =D18*3+E18 | K18: =J18*100000+(I18+1000)*100+G18*10+3
B19: Curazao | C19: =COUNT('Fase de Grupos'!R25,'Fase de Grupos'!T22,'Fase de Grupos'!T24) | D19: =IF(AND(ISNUMBER('Fase de Grupos'!R25),ISNUMBER('Fase de Grupos'!T25)),IF('Fase de Grupos'!R25>'Fase de Grupos'!T25,1,0),0)+IF(AND(ISNUMBER('Fase de Grupos'!R22),ISNUMBER('Fase de Grupos'!T22)),IF('Fase de Grupos'!T22>'Fase de Grupos'!R22,1,0),0)+IF(AND(ISNUMBER('Fase de Grupos'!R24),ISNUMBER('Fase de Grupos'!T24)),IF('Fase de Grupos'!T24>'Fase de Grupos'!R24,1,0),0) | E19: =IF(AND(ISNUMBER('Fase de Grupos'!R25),ISNUMBER('Fase de Grupos'!T25)),IF('Fase de Grupos'!R25='Fase de Grupos'!T25,1,0),0)+IF(AND(ISNUMBER('Fase de Grupos'!R22),ISNUMBER('Fase de Grupos'!T22)),IF('Fase de Grupos'!T22='Fase de Grupos'!R22,1,0),0)+IF(AND(ISNUMBER('Fase de Grupos'!R24),ISNUMBER('Fase de Grupos'!T24)),IF('Fase de Grupos'!T24='Fase de Grupos'!R24,1,0),0) | F19: =IF(AND(ISNUMBER('Fase de Grupos'!R25),ISNUMBER('Fase de Grupos'!T25)),IF('Fase de Grupos'!R25<'Fase de Grupos'!T25,1,0),0)+IF(AND(ISNUMBER('Fase de Grupos'!R22),ISNUMBER('Fase de Grupos'!T22)),IF('Fase de Grupos'!T22<'Fase de Grupos'!R22,1,0),0)+IF(AND(ISNUMBER('Fase de Grupos'!R24),ISNUMBER('Fase de Grupos'!T24)),IF('Fase de Grupos'!T24<'Fase de Grupos'!R24,1,0),0) | G19: =SUM('Fase de Grupos'!R25,'Fase de Grupos'!T22,'Fase de Grupos'!T24) | H19: =SUM('Fase de Grupos'!T25,'Fase de Grupos'!R22,'Fase de Grupos'!R24) | I19: =G19-H19 | J19: =D19*3+E19 | K19: =J19*100000+(I19+1000)*100+G19*10+2
B20: Costa de Marfil | C20: =COUNT('Fase de Grupos'!R21,'Fase de Grupos'!T23,'Fase de Grupos'!T25) | D20: =IF(AND(ISNUMBER('Fase de Grupos'!R21),ISNUMBER('Fase de Grupos'!T21)),IF('Fase de Grupos'!R21>'Fase de Grupos'!T21,1,0),0)+IF(AND(ISNUMBER('Fase de Grupos'!R23),ISNUMBER('Fase de Grupos'!T23)),IF('Fase de Grupos'!T23>'Fase de Grupos'!R23,1,0),0)+IF(AND(ISNUMBER('Fase de Grupos'!R25),ISNUMBER('Fase de Grupos'!T25)),IF('Fase de Grupos'!T25>'Fase de Grupos'!R25,1,0),0) | E20: =IF(AND(ISNUMBER('Fase de Grupos'!R21),ISNUMBER('Fase de Grupos'!T21)),IF('Fase de Grupos'!R21='Fase de Grupos'!T21,1,0),0)+IF(AND(ISNUMBER('Fase de Grupos'!R23),ISNUMBER('Fase de Grupos'!T23)),IF('Fase de Grupos'!T23='Fase de Grupos'!R23,1,0),0)+IF(AND(ISNUMBER('Fase de Grupos'!R25),ISNUMBER('Fase de Grupos'!T25)),IF('Fase de Grupos'!T25='Fase de Grupos'!R25,1,0),0) | F20: =IF(AND(ISNUMBER('Fase de Grupos'!R21),ISNUMBER('Fase de Grupos'!T21)),IF('Fase de Grupos'!R21<'Fase de Grupos'!T21,1,0),0)+IF(AND(ISNUMBER('Fase de Grupos'!R23),ISNUMBER('Fase de Grupos'!T23)),IF('Fase de Grupos'!T23<'Fase de Grupos'!R23,1,0),0)+IF(AND(ISNUMBER('Fase de Grupos'!R25),ISNUMBER('Fase de Grupos'!T25)),IF('Fase de Grupos'!T25<'Fase de Grupos'!R25,1,0),0) | G20: =SUM('Fase de Grupos'!R21,'Fase de Grupos'!T23,'Fase de Grupos'!T25) | H20: =SUM('Fase de Grupos'!T21,'Fase de Grupos'!R23,'Fase de Grupos'!R25) | I20: =G20-H20 | J20: =D20*3+E20 | K20: =J20*100000+(I20+1000)*100+G20*10+1
A21: F | B21: Ecuador | C21: =COUNT('Fase de Grupos'!R24,'Fase de Grupos'!R26,'Fase de Grupos'!T21) | D21: =IF(AND(ISNUMBER('Fase de Grupos'!R24),ISNUMBER('Fase de Grupos'!T24)),IF('Fase de Grupos'!R24>'Fase de Grupos'!T24,1,0),0)+IF(AND(ISNUMBER('Fase de Grupos'!R26),ISNUMBER('Fase de Grupos'!T26)),IF('Fase de Grupos'!R26>'Fase de Grupos'!T26,1,0),0)+IF(AND(ISNUMBER('Fase de Grupos'!R21),ISNUMBER('Fase de Grupos'!T21)),IF('Fase de Grupos'!T21>'Fase de Grupos'!R21,1,0),0) | E21: =IF(AND(ISNUMBER('Fase de Grupos'!R24),ISNUMBER('Fase de Grupos'!T24)),IF('Fase de Grupos'!R24='Fase de Grupos'!T24,1,0),0)+IF(AND(ISNUMBER('Fase de Grupos'!R26),ISNUMBER('Fase de Grupos'!T26)),IF('Fase de Grupos'!R26='Fase de Grupos'!T26,1,0),0)+IF(AND(ISNUMBER('Fase de Grupos'!R21),ISNUMBER('Fase de Grupos'!T21)),IF('Fase de Grupos'!T21='Fase de Grupos'!R21,1,0),0) | F21: =IF(AND(ISNUMBER('Fase de Grupos'!R24),ISNUMBER('Fase de Grupos'!T24)),IF('Fase de Grupos'!R24<'Fase de Grupos'!T24,1,0),0)+IF(AND(ISNUMBER('Fase de Grupos'!R26),ISNUMBER('Fase de Grupos'!T26)),IF('Fase de Grupos'!R26<'Fase de Grupos'!T26,1,0),0)+IF(AND(ISNUMBER('Fase de Grupos'!R21),ISNUMBER('Fase de Grupos'!T21)),IF('Fase de Grupos'!T21<'Fase de Grupos'!R21,1,0),0) | G21: =SUM('Fase de Grupos'!R24,'Fase de Grupos'!R26,'Fase de Grupos'!T21) | H21: =SUM('Fase de Grupos'!T24,'Fase de Grupos'!T26,'Fase de Grupos'!R21) | I21: =G21-H21 | J21: =D21*3+E21 | K21: =J21*100000+(I21+1000)*100+G21*10+0
B22: Países Bajos | C22: =COUNT('Fase de Grupos'!AC21,'Fase de Grupos'!AC23,'Fase de Grupos'!AE26) | D22: =IF(AND(ISNUMBER('Fase de Grupos'!AC21),ISNUMBER('Fase de Grupos'!AE21)),IF('Fase de Grupos'!AC21>'Fase de Grupos'!AE21,1,0),0)+IF(AND(ISNUMBER('Fase de Grupos'!AC23),ISNUMBER('Fase de Grupos'!AE23)),IF('Fase de Grupos'!AC23>'Fase de Grupos'!AE23,1,0),0)+IF(AND(ISNUMBER('Fase de Grupos'!AC26),ISNUMBER('Fase de Grupos'!AE26)),IF('Fase de Grupos'!AE26>'Fase de Grupos'!AC26,1,0),0) | E22: =IF(AND(ISNUMBER('Fase de Grupos'!AC21),ISNUMBER('Fase de Grupos'!AE21)),IF('Fase de Grupos'!AC21='Fase de Grupos'!AE21,1,0),0)+IF(AND(ISNUMBER('Fase de Grupos'!AC23),ISNUMBER('Fase de Grupos'!AE23)),IF('Fase de Grupos'!AC23='Fase de Grupos'!AE23,1,0),0)+IF(AND(ISNUMBER('Fase de Grupos'!AC26),ISNUMBER('Fase de Grupos'!AE26)),IF('Fase de Grupos'!AE26='Fase de Grupos'!AC26,1,0),0) | F22: =IF(AND(ISNUMBER('Fase de Grupos'!AC21),ISNUMBER('Fase de Grupos'!AE21)),IF('Fase de Grupos'!AC21<'Fase de Grupos'!AE21,1,0),0)+IF(AND(ISNUMBER('Fase de Grupos'!AC23),ISNUMBER('Fase de Grupos'!AE23)),IF('Fase de Grupos'!AC23<'Fase de Grupos'!AE23,1,0),0)+IF(AND(ISNUMBER('Fase de Grupos'!AC26),ISNUMBER('Fase de Grupos'!AE26)),IF('Fase de Grupos'!AE26<'Fase de Grupos'!AC26,1,0),0) | G22: =SUM('Fase de Grupos'!AC21,'Fase de Grupos'!AC23,'Fase de Grupos'!AE26) | H22: =SUM('Fase de Grupos'!AE21,'Fase de Grupos'!AE23,'Fase de Grupos'!AC26) | I22: =G22-H22 | J22: =D22*3+E22 | K22: =J22*100000+(I22+1000)*100+G22*10+3
B23: Japón | C23: =COUNT('Fase de Grupos'!AC25,'Fase de Grupos'!AE21,'Fase de Grupos'!AE24) | D23: =IF(AND(ISNUMBER('Fase de Grupos'!AC25),ISNUMBER('Fase de Grupos'!AE25)),IF('Fase de Grupos'!AC25>'Fase de Grupos'!AE25,1,0),0)+IF(AND(ISNUMBER('Fase de Grupos'!AC21),ISNUMBER('Fase de Grupos'!AE21)),IF('Fase de Grupos'!AE21>'Fase de Grupos'!AC21,1,0),0)+IF(AND(ISNUMBER('Fase de Grupos'!AC24),ISNUMBER('Fase de Grupos'!AE24)),IF('Fase de Grupos'!AE24>'Fase de Grupos'!AC24,1,0),0) | E23: =IF(AND(ISNUMBER('Fase de Grupos'!AC25),ISNUMBER('Fase de Grupos'!AE25)),IF('Fase de Grupos'!AC25='Fase de Grupos'!AE25,1,0),0)+IF(AND(ISNUMBER('Fase de Grupos'!AC21),ISNUMBER('Fase de Grupos'!AE21)),IF('Fase de Grupos'!AE21='Fase de Grupos'!AC21,1,0),0)+IF(AND(ISNUMBER('Fase de Grupos'!AC24),ISNUMBER('Fase de Grupos'!AE24)),IF('Fase de Grupos'!AE24='Fase de Grupos'!AC24,1,0),0) | F23: =IF(AND(ISNUMBER('Fase de Grupos'!AC25),ISNUMBER('Fase de Grupos'!AE25)),IF('Fase de Grupos'!AC25<'Fase de Grupos'!AE25,1,0),0)+IF(AND(ISNUMBER('Fase de Grupos'!AC21),ISNUMBER('Fase de Grupos'!AE21)),IF('Fase de Grupos'!AE21<'Fase de Grupos'!AC21,1,0),0)+IF(AND(ISNUMBER('Fase de Grupos'!AC24),ISNUMBER('Fase de Grupos'!AE24)),IF('Fase de Grupos'!AE24<'Fase de Grupos'!AC24,1,0),0) | G23: =SUM('Fase de Grupos'!AC25,'Fase de Grupos'!AE21,'Fase de Grupos'!AE24) | H23: =SUM('Fase de Grupos'!AE25,'Fase de Grupos'!AC21,'Fase de Grupos'!AC24) | I23: =G23-H23 | J23: =D23*3+E23 | K23: =J23*100000+(I23+1000)*100+G23*10+2
B24: Túnez | C24: =COUNT('Fase de Grupos'!AC24,'Fase de Grupos'!AC26,'Fase de Grupos'!AE22) | D24: =IF(AND(ISNUMBER('Fase de Grupos'!AC24),ISNUMBER('Fase de Grupos'!AE24)),IF('Fase de Grupos'!AC24>'Fase de Grupos'!AE24,1,0),0)+IF(AND(ISNUMBER('Fase de Grupos'!AC26),ISNUMBER('Fase de Grupos'!AE26)),IF('Fase de Grupos'!AC26>'Fase de Grupos'!AE26,1,0),0)+IF(AND(ISNUMBER('Fase de Grupos'!AC22),ISNUMBER('Fase de Grupos'!AE22)),IF('Fase de Grupos'!AE22>'Fase de Grupos'!AC22,1,0),0) | E24: =IF(AND(ISNUMBER('Fase de Grupos'!AC24),ISNUMBER('Fase de Grupos'!AE24)),IF('Fase de Grupos'!AC24='Fase de Grupos'!AE24,1,0),0)+IF(AND(ISNUMBER('Fase de Grupos'!AC26),ISNUMBER('Fase de Grupos'!AE26)),IF('Fase de Grupos'!AC26='Fase de Grupos'!AE26,1,0),0)+IF(AND(ISNUMBER('Fase de Grupos'!AC22),ISNUMBER('Fase de Grupos'!AE22)),IF('Fase de Grupos'!AE22='Fase de Grupos'!AC22,1,0),0) | F24: =IF(AND(ISNUMBER('Fase de Grupos'!AC24),ISNUMBER('Fase de Grupos'!AE24)),IF('Fase de Grupos'!AC24<'Fase de Grupos'!AE24,1,0),0)+IF(AND(ISNUMBER('Fase de Grupos'!AC26),ISNUMBER('Fase de Grupos'!AE26)),IF('Fase de Grupos'!AC26<'Fase de Grupos'!AE26,1,0),0)+IF(AND(ISNUMBER('Fase de Grupos'!AC22),ISNUMBER('Fase de Grupos'!AE22)),IF('Fase de Grupos'!AE22<'Fase de Grupos'!AC22,1,0),0) | G24: =SUM('Fase de Grupos'!AC24,'Fase de Grupos'!AC26,'Fase de Grupos'!AE22) | H24: =SUM('Fase de Grupos'!AE24,'Fase de Grupos'!AE26,'Fase de Grupos'!AC22) | I24: =G24-H24 | J24: =D24*3+E24 | K24: =J24*100000+(I24+1000)*100+G24*10+1
A25: G | B25: Suecia | C25: =COUNT('Fase de Grupos'!AC22,'Fase de Grupos'!AE23,'Fase de Grupos'!AE25) | D25: =IF(AND(ISNUMBER('Fase de Grupos'!AC22),ISNUMBER('Fase de Grupos'!AE22)),IF('Fase de Grupos'!AC22>'Fase de Grupos'!AE22,1,0),0)+IF(AND(ISNUMBER('Fase de Grupos'!AC23),ISNUMBER('Fase de Grupos'!AE23)),IF('Fase de Grupos'!AE23>'Fase de Grupos'!AC23,1,0),0)+IF(AND(ISNUMBER('Fase de Grupos'!AC25),ISNUMBER('Fase de Grupos'!AE25)),IF('Fase de Grupos'!AE25>'Fase de Grupos'!AC25,1,0),0) | E25: =IF(AND(ISNUMBER('Fase de Grupos'!AC22),ISNUMBER('Fase de Grupos'!AE22)),IF('Fase de Grupos'!AC22='Fase de Grupos'!AE22,1,0),0)+IF(AND(ISNUMBER('Fase de Grupos'!AC23),ISNUMBER('Fase de Grupos'!AE23)),IF('Fase de Grupos'!AE23='Fase de Grupos'!AC23,1,0),0)+IF(AND(ISNUMBER('Fase de Grupos'!AC25),ISNUMBER('Fase de Grupos'!AE25)),IF('Fase de Grupos'!AE25='Fase de Grupos'!AC25,1,0),0) | F25: =IF(AND(ISNUMBER('Fase de Grupos'!AC22),ISNUMBER('Fase de Grupos'!AE22)),IF('Fase de Grupos'!AC22<'Fase de Grupos'!AE22,1,0),0)+IF(AND(ISNUMBER('Fase de Grupos'!AC23),ISNUMBER('Fase de Grupos'!AE23)),IF('Fase de Grupos'!AE23<'Fase de Grupos'!AC23,1,0),0)+IF(AND(ISNUMBER('Fase de Grupos'!AC25),ISNUMBER('Fase de Grupos'!AE25)),IF('Fase de Grupos'!AE25<'Fase de Grupos'!AC25,1,0),0) | G25: =SUM('Fase de Grupos'!AC22,'Fase de Grupos'!AE23,'Fase de Grupos'!AE25) | H25: =SUM('Fase de Grupos'!AE22,'Fase de Grupos'!AC23,'Fase de Grupos'!AC25) | I25: =G25-H25 | J25: =D25*3+E25 | K25: =J25*100000+(I25+1000)*100+G25*10+0
B26: Bélgica | C26: =COUNT('Fase de Grupos'!G39,'Fase de Grupos'!G40,'Fase de Grupos'!I43) | D26: =IF(AND(ISNUMBER('Fase de Grupos'!G39),ISNUMBER('Fase de Grupos'!I39)),IF('Fase de Grupos'!G39>'Fase de Grupos'!I39,1,0),0)+IF(AND(ISNUMBER('Fase de Grupos'!G40),ISNUMBER('Fase de Grupos'!I40)),IF('Fase de Grupos'!G40>'Fase de Grupos'!I40,1,0),0)+IF(AND(ISNUMBER('Fase de Grupos'!G43),ISNUMBER('Fase de Grupos'!I43)),IF('Fase de Grupos'!I43>'Fase de Grupos'!G43,1,0),0) | E26: =IF(AND(ISNUMBER('Fase de Grupos'!G39),ISNUMBER('Fase de Grupos'!I39)),IF('Fase de Grupos'!G39='Fase de Grupos'!I39,1,0),0)+IF(AND(ISNUMBER('Fase de Grupos'!G40),ISNUMBER('Fase de Grupos'!I40)),IF('Fase de Grupos'!G40='Fase de Grupos'!I40,1,0),0)+IF(AND(ISNUMBER('Fase de Grupos'!G43),ISNUMBER('Fase de Grupos'!I43)),IF('Fase de Grupos'!I43='Fase de Grupos'!G43,1,0),0) | F26: =IF(AND(ISNUMBER('Fase de Grupos'!G39),ISNUMBER('Fase de Grupos'!I39)),IF('Fase de Grupos'!G39<'Fase de Grupos'!I39,1,0),0)+IF(AND(ISNUMBER('Fase de Grupos'!G40),ISNUMBER('Fase de Grupos'!I40)),IF('Fase de Grupos'!G40<'Fase de Grupos'!I40,1,0),0)+IF(AND(ISNUMBER('Fase de Grupos'!G43),ISNUMBER('Fase de Grupos'!I43)),IF('Fase de Grupos'!I43<'Fase de Grupos'!G43,1,0),0) | G26: =SUM('Fase de Grupos'!G39,'Fase de Grupos'!G40,'Fase de Grupos'!I43) | H26: =SUM('Fase de Grupos'!I39,'Fase de Grupos'!I40,'Fase de Grupos'!G43) | I26: =G26-H26 | J26: =D26*3+E26 | K26: =J26*100000+(I26+1000)*100+G26*10+3
B27: Egipto | C27: =COUNT('Fase de Grupos'!G42,'Fase de Grupos'!I39,'Fase de Grupos'!I41) | D27: =IF(AND(ISNUMBER('Fase de Grupos'!G42),ISNUMBER('Fase de Grupos'!I42)),IF('Fase de Grupos'!G42>'Fase de Grupos'!I42,1,0),0)+IF(AND(ISNUMBER('Fase de Grupos'!G39),ISNUMBER('Fase de Grupos'!I39)),IF('Fase de Grupos'!I39>'Fase de Grupos'!G39,1,0),0)+IF(AND(ISNUMBER('Fase de Grupos'!G41),ISNUMBER('Fase de Grupos'!I41)),IF('Fase de Grupos'!I41>'Fase de Grupos'!G41,1,0),0) | E27: =IF(AND(ISNUMBER('Fase de Grupos'!G42),ISNUMBER('Fase de Grupos'!I42)),IF('Fase de Grupos'!G42='Fase de Grupos'!I42,1,0),0)+IF(AND(ISNUMBER('Fase de Grupos'!G39),ISNUMBER('Fase de Grupos'!I39)),IF('Fase de Grupos'!I39='Fase de Grupos'!G39,1,0),0)+IF(AND(ISNUMBER('Fase de Grupos'!G41),ISNUMBER('Fase de Grupos'!I41)),IF('Fase de Grupos'!I41='Fase de Grupos'!G41,1,0),0) | F27: =IF(AND(ISNUMBER('Fase de Grupos'!G42),ISNUMBER('Fase de Grupos'!I42)),IF('Fase de Grupos'!G42<'Fase de Grupos'!I42,1,0),0)+IF(AND(ISNUMBER('Fase de Grupos'!G39),ISNUMBER('Fase de Grupos'!I39)),IF('Fase de Grupos'!I39<'Fase de Grupos'!G39,1,0),0)+IF(AND(ISNUMBER('Fase de Grupos'!G41),ISNUMBER('Fase de Grupos'!I41)),IF('Fase de Grupos'!I41<'Fase de Grupos'!G41,1,0),0) | G27: =SUM('Fase de Grupos'!G42,'Fase de Grupos'!I39,'Fase de Grupos'!I41) | H27: =SUM('Fase de Grupos'!I42,'Fase de Grupos'!G39,'Fase de Grupos'!G41) | I27: =G27-H27 | J27: =D27*3+E27 | K27: =J27*100000+(I27+1000)*100+G27*10+2
B28: Irán | C28: =COUNT('Fase de Grupos'!G38,'Fase de Grupos'!I40,'Fase de Grupos'!I42) | D28: =IF(AND(ISNUMBER('Fase de Grupos'!G38),ISNUMBER('Fase de Grupos'!I38)),IF('Fase de Grupos'!G38>'Fase de Grupos'!I38,1,0),0)+IF(AND(ISNUMBER('Fase de Grupos'!G40),ISNUMBER('Fase de Grupos'!I40)),IF('Fase de Grupos'!I40>'Fase de Grupos'!G40,1,0),0)+IF(AND(ISNUMBER('Fase de Grupos'!G42),ISNUMBER('Fase de Grupos'!I42)),IF('Fase de Grupos'!I42>'Fase de Grupos'!G42,1,0),0) | E28: =IF(AND(ISNUMBER('Fase de Grupos'!G38),ISNUMBER('Fase de Grupos'!I38)),IF('Fase de Grupos'!G38='Fase de Grupos'!I38,1,0),0)+IF(AND(ISNUMBER('Fase de Grupos'!G40),ISNUMBER('Fase de Grupos'!I40)),IF('Fase de Grupos'!I40='Fase de Grupos'!G40,1,0),0)+IF(AND(ISNUMBER('Fase de Grupos'!G42),ISNUMBER('Fase de Grupos'!I42)),IF('Fase de Grupos'!I42='Fase de Grupos'!G42,1,0),0) | F28: =IF(AND(ISNUMBER('Fase de Grupos'!G38),ISNUMBER('Fase de Grupos'!I38)),IF('Fase de Grupos'!G38<'Fase de Grupos'!I38,1,0),0)+IF(AND(ISNUMBER('Fase de Grupos'!G40),ISNUMBER('Fase de Grupos'!I40)),IF('Fase de Grupos'!I40<'Fase de Grupos'!G40,1,0),0)+IF(AND(ISNUMBER('Fase de Grupos'!G42),ISNUMBER('Fase de Grupos'!I42)),IF('Fase de Grupos'!I42<'Fase de Grupos'!G42,1,0),0) | G28: =SUM('Fase de Grupos'!G38,'Fase de Grupos'!I40,'Fase de Grupos'!I42) | H28: =SUM('Fase de Grupos'!I38,'Fase de Grupos'!G40,'Fase de Grupos'!G42) | I28: =G28-H28 | J28: =D28*3+E28 | K28: =J28*100000+(I28+1000)*100+G28*10+1
A29: H | B29: Nueva Zelanda | C29: =COUNT('Fase de Grupos'!G41,'Fase de Grupos'!G43,'Fase de Grupos'!I38) | D29: =IF(AND(ISNUMBER('Fase de Grupos'!G41),ISNUMBER('Fase de Grupos'!I41)),IF('Fase de Grupos'!G41>'Fase de Grupos'!I41,1,0),0)+IF(AND(ISNUMBER('Fase de Grupos'!G43),ISNUMBER('Fase de Grupos'!I43)),IF('Fase de Grupos'!G43>'Fase de Grupos'!I43,1,0),0)+IF(AND(ISNUMBER('Fase de Grupos'!G38),ISNUMBER('Fase de Grupos'!I38)),IF('Fase de Grupos'!I38>'Fase de Grupos'!G38,1,0),0) | E29: =IF(AND(ISNUMBER('Fase de Grupos'!G41),ISNUMBER('Fase de Grupos'!I41)),IF('Fase de Grupos'!G41='Fase de Grupos'!I41,1,0),0)+IF(AND(ISNUMBER('Fase de Grupos'!G43),ISNUMBER('Fase de Grupos'!I43)),IF('Fase de Grupos'!G43='Fase de Grupos'!I43,1,0),0)+IF(AND(ISNUMBER('Fase de Grupos'!G38),ISNUMBER('Fase de Grupos'!I38)),IF('Fase de Grupos'!I38='Fase de Grupos'!G38,1,0),0) | F29: =IF(AND(ISNUMBER('Fase de Grupos'!G41),ISNUMBER('Fase de Grupos'!I41)),IF('Fase de Grupos'!G41<'Fase de Grupos'!I41,1,0),0)+IF(AND(ISNUMBER('Fase de Grupos'!G43),ISNUMBER('Fase de Grupos'!I43)),IF('Fase de Grupos'!G43<'Fase de Grupos'!I43,1,0),0)+IF(AND(ISNUMBER('Fase de Grupos'!G38),ISNUMBER('Fase de Grupos'!I38)),IF('Fase de Grupos'!I38<'Fase de Grupos'!G38,1,0),0) | G29: =SUM('Fase de Grupos'!G41,'Fase de Grupos'!G43,'Fase de Grupos'!I38) | H29: =SUM('Fase de Grupos'!I41,'Fase de Grupos'!I43,'Fase de Grupos'!G38) | I29: =G29-H29 | J29: =D29*3+E29 | K29: =J29*100000+(I29+1000)*100+G29*10+0
B30: España | C30: =COUNT('Fase de Grupos'!R39,'Fase de Grupos'!R41,'Fase de Grupos'!T43) | D30: =IF(AND(ISNUMBER('Fase de Grupos'!R39),ISNUMBER('Fase de Grupos'!T39)),IF('Fase de Grupos'!R39>'Fase de Grupos'!T39,1,0),0)+IF(AND(ISNUMBER('Fase de Grupos'!R41),ISNUMBER('Fase de Grupos'!T41)),IF('Fase de Grupos'!R41>'Fase de Grupos'!T41,1,0),0)+IF(AND(ISNUMBER('Fase de Grupos'!R43),ISNUMBER('Fase de Grupos'!T43)),IF('Fase de Grupos'!T43>'Fase de Grupos'!R43,1,0),0) | E30: =IF(AND(ISNUMBER('Fase de Grupos'!R39),ISNUMBER('Fase de Grupos'!T39)),IF('Fase de Grupos'!R39='Fase de Grupos'!T39,1,0),0)+IF(AND(ISNUMBER('Fase de Grupos'!R41),ISNUMBER('Fase de Grupos'!T41)),IF('Fase de Grupos'!R41='Fase de Grupos'!T41,1,0),0)+IF(AND(ISNUMBER('Fase de Grupos'!R43),ISNUMBER('Fase de Grupos'!T43)),IF('Fase de Grupos'!T43='Fase de Grupos'!R43,1,0),0) | F30: =IF(AND(ISNUMBER('Fase de Grupos'!R39),ISNUMBER('Fase de Grupos'!T39)),IF('Fase de Grupos'!R39<'Fase de Grupos'!T39,1,0),0)+IF(AND(ISNUMBER('Fase de Grupos'!R41),ISNUMBER('Fase de Grupos'!T41)),IF('Fase de Grupos'!R41<'Fase de Grupos'!T41,1,0),0)+IF(AND(ISNUMBER('Fase de Grupos'!R43),ISNUMBER('Fase de Grupos'!T43)),IF('Fase de Grupos'!T43<'Fase de Grupos'!R43,1,0),0) | G30: =SUM('Fase de Grupos'!R39,'Fase de Grupos'!R41,'Fase de Grupos'!T43) | H30: =SUM('Fase de Grupos'!T39,'Fase de Grupos'!T41,'Fase de Grupos'!R43) | I30: =G30-H30 | J30: =D30*3+E30 | K30: =J30*100000+(I30+1000)*100+G30*10+3
B31: Uruguay | C31: =COUNT('Fase de Grupos'!R40,'Fase de Grupos'!R43,'Fase de Grupos'!T38) | D31: =IF(AND(ISNUMBER('Fase de Grupos'!R40),ISNUMBER('Fase de Grupos'!T40)),IF('Fase de Grupos'!R40>'Fase de Grupos'!T40,1,0),0)+IF(AND(ISNUMBER('Fase de Grupos'!R43),ISNUMBER('Fase de Grupos'!T43)),IF('Fase de Grupos'!R43>'Fase de Grupos'!T43,1,0),0)+IF(AND(ISNUMBER('Fase de Grupos'!R38),ISNUMBER('Fase de Grupos'!T38)),IF('Fase de Grupos'!T38>'Fase de Grupos'!R38,1,0),0) | E31: =IF(AND(ISNUMBER('Fase de Grupos'!R40),ISNUMBER('Fase de Grupos'!T40)),IF('Fase de Grupos'!R40='Fase de Grupos'!T40,1,0),0)+IF(AND(ISNUMBER('Fase de Grupos'!R43),ISNUMBER('Fase de Grupos'!T43)),IF('Fase de Grupos'!R43='Fase de Grupos'!T43,1,0),0)+IF(AND(ISNUMBER('Fase de Grupos'!R38),ISNUMBER('Fase de Grupos'!T38)),IF('Fase de Grupos'!T38='Fase de Grupos'!R38,1,0),0) | F31: =IF(AND(ISNUMBER('Fase de Grupos'!R40),ISNUMBER('Fase de Grupos'!T40)),IF('Fase de Grupos'!R40<'Fase de Grupos'!T40,1,0),0)+IF(AND(ISNUMBER('Fase de Grupos'!R43),ISNUMBER('Fase de Grupos'!T43)),IF('Fase de Grupos'!R43<'Fase de Grupos'!T43,1,0),0)+IF(AND(ISNUMBER('Fase de Grupos'!R38),ISNUMBER('Fase de Grupos'!T38)),IF('Fase de Grupos'!T38<'Fase de Grupos'!R38,1,0),0) | G31: =SUM('Fase de Grupos'!R40,'Fase de Grupos'!R43,'Fase de Grupos'!T38) | H31: =SUM('Fase de Grupos'!T40,'Fase de Grupos'!T43,'Fase de Grupos'!R38) | I31: =G31-H31 | J31: =D31*3+E31 | K31: =J31*100000+(I31+1000)*100+G31*10+2
B32: Arabia Saudita | C32: =COUNT('Fase de Grupos'!R38,'Fase de Grupos'!T41,'Fase de Grupos'!T42) | D32: =IF(AND(ISNUMBER('Fase de Grupos'!R38),ISNUMBER('Fase de Grupos'!T38)),IF('Fase de Grupos'!R38>'Fase de Grupos'!T38,1,0),0)+IF(AND(ISNUMBER('Fase de Grupos'!R41),ISNUMBER('Fase de Grupos'!T41)),IF('Fase de Grupos'!T41>'Fase de Grupos'!R41,1,0),0)+IF(AND(ISNUMBER('Fase de Grupos'!R42),ISNUMBER('Fase de Grupos'!T42)),IF('Fase de Grupos'!T42>'Fase de Grupos'!R42,1,0),0) | E32: =IF(AND(ISNUMBER('Fase de Grupos'!R38),ISNUMBER('Fase de Grupos'!T38)),IF('Fase de Grupos'!R38='Fase de Grupos'!T38,1,0),0)+IF(AND(ISNUMBER('Fase de Grupos'!R41),ISNUMBER('Fase de Grupos'!T41)),IF('Fase de Grupos'!T41='Fase de Grupos'!R41,1,0),0)+IF(AND(ISNUMBER('Fase de Grupos'!R42),ISNUMBER('Fase de Grupos'!T42)),IF('Fase de Grupos'!T42='Fase de Grupos'!R42,1,0),0) | F32: =IF(AND(ISNUMBER('Fase de Grupos'!R38),ISNUMBER('Fase de Grupos'!T38)),IF('Fase de Grupos'!R38<'Fase de Grupos'!T38,1,0),0)+IF(AND(ISNUMBER('Fase de Grupos'!R41),ISNUMBER('Fase de Grupos'!T41)),IF('Fase de Grupos'!T41<'Fase de Grupos'!R41,1,0),0)+IF(AND(ISNUMBER('Fase de Grupos'!R42),ISNUMBER('Fase de Grupos'!T42)),IF('Fase de Grupos'!T42<'Fase de Grupos'!R42,1,0),0) | G32: =SUM('Fase de Grupos'!R38,'Fase de Grupos'!T41,'Fase de Grupos'!T42) | H32: =SUM('Fase de Grupos'!T38,'Fase de Grupos'!R41,'Fase de Grupos'!R42) | I32: =G32-H32 | J32: =D32*3+E32 | K32: =J32*100000+(I32+1000)*100+G32*10+1
A33: I | B33: Cabo Verde | C33: =COUNT('Fase de Grupos'!R42,'Fase de Grupos'!T39,'Fase de Grupos'!T40) | D33: =IF(AND(ISNUMBER('Fase de Grupos'!R42),ISNUMBER('Fase de Grupos'!T42)),IF('Fase de Grupos'!R42>'Fase de Grupos'!T42,1,0),0)+IF(AND(ISNUMBER('Fase de Grupos'!R39),ISNUMBER('Fase de Grupos'!T39)),IF('Fase de Grupos'!T39>'Fase de Grupos'!R39,1,0),0)+IF(AND(ISNUMBER('Fase de Grupos'!R40),ISNUMBER('Fase de Grupos'!T40)),IF('Fase de Grupos'!T40>'Fase de Grupos'!R40,1,0),0) | E33: =IF(AND(ISNUMBER('Fase de Grupos'!R42),ISNUMBER('Fase de Grupos'!T42)),IF('Fase de Grupos'!R42='Fase de Grupos'!T42,1,0),0)+IF(AND(ISNUMBER('Fase de Grupos'!R39),ISNUMBER('Fase de Grupos'!T39)),IF('Fase de Grupos'!T39='Fase de Grupos'!R39,1,0),0)+IF(AND(ISNUMBER('Fase de Grupos'!R40),ISNUMBER('Fase de Grupos'!T40)),IF('Fase de Grupos'!T40='Fase de Grupos'!R40,1,0),0) | F33: =IF(AND(ISNUMBER('Fase de Grupos'!R42),ISNUMBER('Fase de Grupos'!T42)),IF('Fase de Grupos'!R42<'Fase de Grupos'!T42,1,0),0)+IF(AND(ISNUMBER('Fase de Grupos'!R39),ISNUMBER('Fase de Grupos'!T39)),IF('Fase de Grupos'!T39<'Fase de Grupos'!R39,1,0),0)+IF(AND(ISNUMBER('Fase de Grupos'!R40),ISNUMBER('Fase de Grupos'!T40)),IF('Fase de Grupos'!T40<'Fase de Grupos'!R40,1,0),0) | G33: =SUM('Fase de Grupos'!R42,'Fase de Grupos'!T39,'Fase de Grupos'!T40) | H33: =SUM('Fase de Grupos'!T42,'Fase de Grupos'!R39,'Fase de Grupos'!R40) | I33: =G33-H33 | J33: =D33*3+E33 | K33: =J33*100000+(I33+1000)*100+G33*10+0
B34: Francia | C34: =COUNT('Fase de Grupos'!AC38,'Fase de Grupos'!AC41,'Fase de Grupos'!AE42) | D34: =IF(AND(ISNUMBER('Fase de Grupos'!AC38),ISNUMBER('Fase de Grupos'!AE38)),IF('Fase de Grupos'!AC38>'Fase de Grupos'!AE38,1,0),0)+IF(AND(ISNUMBER('Fase de Grupos'!AC41),ISNUMBER('Fase de Grupos'!AE41)),IF('Fase de Grupos'!AC41>'Fase de Grupos'!AE41,1,0),0)+IF(AND(ISNUMBER('Fase de Grupos'!AC42),ISNUMBER('Fase de Grupos'!AE42)),IF('Fase de Grupos'!AE42>'Fase de Grupos'!AC42,1,0),0) | E34: =IF(AND(ISNUMBER('Fase de Grupos'!AC38),ISNUMBER('Fase de Grupos'!AE38)),IF('Fase de Grupos'!AC38='Fase de Grupos'!AE38,1,0),0)+IF(AND(ISNUMBER('Fase de Grupos'!AC41),ISNUMBER('Fase de Grupos'!AE41)),IF('Fase de Grupos'!AC41='Fase de Grupos'!AE41,1,0),0)+IF(AND(ISNUMBER('Fase de Grupos'!AC42),ISNUMBER('Fase de Grupos'!AE42)),IF('Fase de Grupos'!AE42='Fase de Grupos'!AC42,1,0),0) | F34: =IF(AND(ISNUMBER('Fase de Grupos'!AC38),ISNUMBER('Fase de Grupos'!AE38)),IF('Fase de Grupos'!AC38<'Fase de Grupos'!AE38,1,0),0)+IF(AND(ISNUMBER('Fase de Grupos'!AC41),ISNUMBER('Fase de Grupos'!AE41)),IF('Fase de Grupos'!AC41<'Fase de Grupos'!AE41,1,0),0)+IF(AND(ISNUMBER('Fase de Grupos'!AC42),ISNUMBER('Fase de Grupos'!AE42)),IF('Fase de Grupos'!AE42<'Fase de Grupos'!AC42,1,0),0) | G34: =SUM('Fase de Grupos'!AC38,'Fase de Grupos'!AC41,'Fase de Grupos'!AE42) | H34: =SUM('Fase de Grupos'!AE38,'Fase de Grupos'!AE41,'Fase de Grupos'!AC42) | I34: =G34-H34 | J34: =D34*3+E34 | K34: =J34*100000+(I34+1000)*100+G34*10+3
B35: Senegal | C35: =COUNT('Fase de Grupos'!AC43,'Fase de Grupos'!AE38,'Fase de Grupos'!AE40) | D35: =IF(AND(ISNUMBER('Fase de Grupos'!AC43),ISNUMBER('Fase de Grupos'!AE43)),IF('Fase de Grupos'!AC43>'Fase de Grupos'!AE43,1,0),0)+IF(AND(ISNUMBER('Fase de Grupos'!AC38),ISNUMBER('Fase de Grupos'!AE38)),IF('Fase de Grupos'!AE38>'Fase de Grupos'!AC38,1,0),0)+IF(AND(ISNUMBER('Fase de Grupos'!AC40),ISNUMBER('Fase de Grupos'!AE40)),IF('Fase de Grupos'!AE40>'Fase de Grupos'!AC40,1,0),0) | E35: =IF(AND(ISNUMBER('Fase de Grupos'!AC43),ISNUMBER('Fase de Grupos'!AE43)),IF('Fase de Grupos'!AC43='Fase de Grupos'!AE43,1,0),0)+IF(AND(ISNUMBER('Fase de Grupos'!AC38),ISNUMBER('Fase de Grupos'!AE38)),IF('Fase de Grupos'!AE38='Fase de Grupos'!AC38,1,0),0)+IF(AND(ISNUMBER('Fase de Grupos'!AC40),ISNUMBER('Fase de Grupos'!AE40)),IF('Fase de Grupos'!AE40='Fase de Grupos'!AC40,1,0),0) | F35: =IF(AND(ISNUMBER('Fase de Grupos'!AC43),ISNUMBER('Fase de Grupos'!AE43)),IF('Fase de Grupos'!AC43<'Fase de Grupos'!AE43,1,0),0)+IF(AND(ISNUMBER('Fase de Grupos'!AC38),ISNUMBER('Fase de Grupos'!AE38)),IF('Fase de Grupos'!AE38<'Fase de Grupos'!AC38,1,0),0)+IF(AND(ISNUMBER('Fase de Grupos'!AC40),ISNUMBER('Fase de Grupos'!AE40)),IF('Fase de Grupos'!AE40<'Fase de Grupos'!AC40,1,0),0) | G35: =SUM('Fase de Grupos'!AC43,'Fase de Grupos'!AE38,'Fase de Grupos'!AE40) | H35: =SUM('Fase de Grupos'!AE43,'Fase de Grupos'!AC38,'Fase de Grupos'!AC40) | I35: =G35-H35 | J35: =D35*3+E35 | K35: =J35*100000+(I35+1000)*100+G35*10+2
B36: Noruega | C36: =COUNT('Fase de Grupos'!AC40,'Fase de Grupos'!AC42,'Fase de Grupos'!AE39) | D36: =IF(AND(ISNUMBER('Fase de Grupos'!AC40),ISNUMBER('Fase de Grupos'!AE40)),IF('Fase de Grupos'!AC40>'Fase de Grupos'!AE40,1,0),0)+IF(AND(ISNUMBER('Fase de Grupos'!AC42),ISNUMBER('Fase de Grupos'!AE42)),IF('Fase de Grupos'!AC42>'Fase de Grupos'!AE42,1,0),0)+IF(AND(ISNUMBER('Fase de Grupos'!AC39),ISNUMBER('Fase de Grupos'!AE39)),IF('Fase de Grupos'!AE39>'Fase de Grupos'!AC39,1,0),0) | E36: =IF(AND(ISNUMBER('Fase de Grupos'!AC40),ISNUMBER('Fase de Grupos'!AE40)),IF('Fase de Grupos'!AC40='Fase de Grupos'!AE40,1,0),0)+IF(AND(ISNUMBER('Fase de Grupos'!AC42),ISNUMBER('Fase de Grupos'!AE42)),IF('Fase de Grupos'!AC42='Fase de Grupos'!AE42,1,0),0)+IF(AND(ISNUMBER('Fase de Grupos'!AC39),ISNUMBER('Fase de Grupos'!AE39)),IF('Fase de Grupos'!AE39='Fase de Grupos'!AC39,1,0),0) | F36: =IF(AND(ISNUMBER('Fase de Grupos'!AC40),ISNUMBER('Fase de Grupos'!AE40)),IF('Fase de Grupos'!AC40<'Fase de Grupos'!AE40,1,0),0)+IF(AND(ISNUMBER('Fase de Grupos'!AC42),ISNUMBER('Fase de Grupos'!AE42)),IF('Fase de Grupos'!AC42<'Fase de Grupos'!AE42,1,0),0)+IF(AND(ISNUMBER('Fase de Grupos'!AC39),ISNUMBER('Fase de Grupos'!AE39)),IF('Fase de Grupos'!AE39<'Fase de Grupos'!AC39,1,0),0) | G36: =SUM('Fase de Grupos'!AC40,'Fase de Grupos'!AC42,'Fase de Grupos'!AE39) | H36: =SUM('Fase de Grupos'!AE40,'Fase de Grupos'!AE42,'Fase de Grupos'!AC39) | I36: =G36-H36 | J36: =D36*3+E36 | K36: =J36*100000+(I36+1000)*100+G36*10+1
A37: J | B37: Irak | C37: =COUNT('Fase de Grupos'!AC39,'Fase de Grupos'!AE41,'Fase de Grupos'!AE43) | D37: =IF(AND(ISNUMBER('Fase de Grupos'!AC39),ISNUMBER('Fase de Grupos'!AE39)),IF('Fase de Grupos'!AC39>'Fase de Grupos'!AE39,1,0),0)+IF(AND(ISNUMBER('Fase de Grupos'!AC41),ISNUMBER('Fase de Grupos'!AE41)),IF('Fase de Grupos'!AE41>'Fase de Grupos'!AC41,1,0),0)+IF(AND(ISNUMBER('Fase de Grupos'!AC43),ISNUMBER('Fase de Grupos'!AE43)),IF('Fase de Grupos'!AE43>'Fase de Grupos'!AC43,1,0),0) | E37: =IF(AND(ISNUMBER('Fase de Grupos'!AC39),ISNUMBER('Fase de Grupos'!AE39)),IF('Fase de Grupos'!AC39='Fase de Grupos'!AE39,1,0),0)+IF(AND(ISNUMBER('Fase de Grupos'!AC41),ISNUMBER('Fase de Grupos'!AE41)),IF('Fase de Grupos'!AE41='Fase de Grupos'!AC41,1,0),0)+IF(AND(ISNUMBER('Fase de Grupos'!AC43),ISNUMBER('Fase de Grupos'!AE43)),IF('Fase de Grupos'!AE43='Fase de Grupos'!AC43,1,0),0) | F37: =IF(AND(ISNUMBER('Fase de Grupos'!AC39),ISNUMBER('Fase de Grupos'!AE39)),IF('Fase de Grupos'!AC39<'Fase de Grupos'!AE39,1,0),0)+IF(AND(ISNUMBER('Fase de Grupos'!AC41),ISNUMBER('Fase de Grupos'!AE41)),IF('Fase de Grupos'!AE41<'Fase de Grupos'!AC41,1,0),0)+IF(AND(ISNUMBER('Fase de Grupos'!AC43),ISNUMBER('Fase de Grupos'!AE43)),IF('Fase de Grupos'!AE43<'Fase de Grupos'!AC43,1,0),0) | G37: =SUM('Fase de Grupos'!AC39,'Fase de Grupos'!AE41,'Fase de Grupos'!AE43) | H37: =SUM('Fase de Grupos'!AE39,'Fase de Grupos'!AC41,'Fase de Grupos'!AC43) | I37: =G37-H37 | J37: =D37*3+E37 | K37: =J37*100000+(I37+1000)*100+G37*10+0
B38: Argentina | C38: =COUNT('Fase de Grupos'!G55,'Fase de Grupos'!G57,'Fase de Grupos'!I60) | D38: =IF(AND(ISNUMBER('Fase de Grupos'!G55),ISNUMBER('Fase de Grupos'!I55)),IF('Fase de Grupos'!G55>'Fase de Grupos'!I55,1,0),0)+IF(AND(ISNUMBER('Fase de Grupos'!G57),ISNUMBER('Fase de Grupos'!I57)),IF('Fase de Grupos'!G57>'Fase de Grupos'!I57,1,0),0)+IF(AND(ISNUMBER('Fase de Grupos'!G60),ISNUMBER('Fase de Grupos'!I60)),IF('Fase de Grupos'!I60>'Fase de Grupos'!G60,1,0),0) | E38: =IF(AND(ISNUMBER('Fase de Grupos'!G55),ISNUMBER('Fase de Grupos'!I55)),IF('Fase de Grupos'!G55='Fase de Grupos'!I55,1,0),0)+IF(AND(ISNUMBER('Fase de Grupos'!G57),ISNUMBER('Fase de Grupos'!I57)),IF('Fase de Grupos'!G57='Fase de Grupos'!I57,1,0),0)+IF(AND(ISNUMBER('Fase de Grupos'!G60),ISNUMBER('Fase de Grupos'!I60)),IF('Fase de Grupos'!I60='Fase de Grupos'!G60,1,0),0) | F38: =IF(AND(ISNUMBER('Fase de Grupos'!G55),ISNUMBER('Fase de Grupos'!I55)),IF('Fase de Grupos'!G55<'Fase de Grupos'!I55,1,0),0)+IF(AND(ISNUMBER('Fase de Grupos'!G57),ISNUMBER('Fase de Grupos'!I57)),IF('Fase de Grupos'!G57<'Fase de Grupos'!I57,1,0),0)+IF(AND(ISNUMBER('Fase de Grupos'!G60),ISNUMBER('Fase de Grupos'!I60)),IF('Fase de Grupos'!I60<'Fase de Grupos'!G60,1,0),0) | G38: =SUM('Fase de Grupos'!G55,'Fase de Grupos'!G57,'Fase de Grupos'!I60) | H38: =SUM('Fase de Grupos'!I55,'Fase de Grupos'!I57,'Fase de Grupos'!G60) | I38: =G38-H38 | J38: =D38*3+E38 | K38: =J38*100000+(I38+1000)*100+G38*10+3
B39: Austria | C39: =COUNT('Fase de Grupos'!G56,'Fase de Grupos'!I57,'Fase de Grupos'!I59) | D39: =IF(AND(ISNUMBER('Fase de Grupos'!G56),ISNUMBER('Fase de Grupos'!I56)),IF('Fase de Grupos'!G56>'Fase de Grupos'!I56,1,0),0)+IF(AND(ISNUMBER('Fase de Grupos'!G57),ISNUMBER('Fase de Grupos'!I57)),IF('Fase de Grupos'!I57>'Fase de Grupos'!G57,1,0),0)+IF(AND(ISNUMBER('Fase de Grupos'!G59),ISNUMBER('Fase de Grupos'!I59)),IF('Fase de Grupos'!I59>'Fase de Grupos'!G59,1,0),0) | E39: =IF(AND(ISNUMBER('Fase de Grupos'!G56),ISNUMBER('Fase de Grupos'!I56)),IF('Fase de Grupos'!G56='Fase de Grupos'!I56,1,0),0)+IF(AND(ISNUMBER('Fase de Grupos'!G57),ISNUMBER('Fase de Grupos'!I57)),IF('Fase de Grupos'!I57='Fase de Grupos'!G57,1,0),0)+IF(AND(ISNUMBER('Fase de Grupos'!G59),ISNUMBER('Fase de Grupos'!I59)),IF('Fase de Grupos'!I59='Fase de Grupos'!G59,1,0),0) | F39: =IF(AND(ISNUMBER('Fase de Grupos'!G56),ISNUMBER('Fase de Grupos'!I56)),IF('Fase de Grupos'!G56<'Fase de Grupos'!I56,1,0),0)+IF(AND(ISNUMBER('Fase de Grupos'!G57),ISNUMBER('Fase de Grupos'!I57)),IF('Fase de Grupos'!I57<'Fase de Grupos'!G57,1,0),0)+IF(AND(ISNUMBER('Fase de Grupos'!G59),ISNUMBER('Fase de Grupos'!I59)),IF('Fase de Grupos'!I59<'Fase de Grupos'!G59,1,0),0) | G39: =SUM('Fase de Grupos'!G56,'Fase de Grupos'!I57,'Fase de Grupos'!I59) | H39: =SUM('Fase de Grupos'!I56,'Fase de Grupos'!G57,'Fase de Grupos'!G59) | I39: =G39-H39 | J39: =D39*3+E39 | K39: =J39*100000+(I39+1000)*100+G39*10+2
B40: Argelia | C40: =COUNT('Fase de Grupos'!G59,'Fase de Grupos'!I55,'Fase de Grupos'!I58) | D40: =IF(AND(ISNUMBER('Fase de Grupos'!G59),ISNUMBER('Fase de Grupos'!I59)),IF('Fase de Grupos'!G59>'Fase de Grupos'!I59,1,0),0)+IF(AND(ISNUMBER('Fase de Grupos'!G55),ISNUMBER('Fase de Grupos'!I55)),IF('Fase de Grupos'!I55>'Fase de Grupos'!G55,1,0),0)+IF(AND(ISNUMBER('Fase de Grupos'!G58),ISNUMBER('Fase de Grupos'!I58)),IF('Fase de Grupos'!I58>'Fase de Grupos'!G58,1,0),0) | E40: =IF(AND(ISNUMBER('Fase de Grupos'!G59),ISNUMBER('Fase de Grupos'!I59)),IF('Fase de Grupos'!G59='Fase de Grupos'!I59,1,0),0)+IF(AND(ISNUMBER('Fase de Grupos'!G55),ISNUMBER('Fase de Grupos'!I55)),IF('Fase de Grupos'!I55='Fase de Grupos'!G55,1,0),0)+IF(AND(ISNUMBER('Fase de Grupos'!G58),ISNUMBER('Fase de Grupos'!I58)),IF('Fase de Grupos'!I58='Fase de Grupos'!G58,1,0),0) | F40: =IF(AND(ISNUMBER('Fase de Grupos'!G59),ISNUMBER('Fase de Grupos'!I59)),IF('Fase de Grupos'!G59<'Fase de Grupos'!I59,1,0),0)+IF(AND(ISNUMBER('Fase de Grupos'!G55),ISNUMBER('Fase de Grupos'!I55)),IF('Fase de Grupos'!I55<'Fase de Grupos'!G55,1,0),0)+IF(AND(ISNUMBER('Fase de Grupos'!G58),ISNUMBER('Fase de Grupos'!I58)),IF('Fase de Grupos'!I58<'Fase de Grupos'!G58,1,0),0) | G40: =SUM('Fase de Grupos'!G59,'Fase de Grupos'!I55,'Fase de Grupos'!I58) | H40: =SUM('Fase de Grupos'!I59,'Fase de Grupos'!G55,'Fase de Grupos'!G58) | I40: =G40-H40 | J40: =D40*3+E40 | K40: =J40*100000+(I40+1000)*100+G40*10+1
A41: K | B41: Jordania | C41: =COUNT('Fase de Grupos'!G58,'Fase de Grupos'!G60,'Fase de Grupos'!I56) | D41: =IF(AND(ISNUMBER('Fase de Grupos'!G58),ISNUMBER('Fase de Grupos'!I58)),IF('Fase de Grupos'!G58>'Fase de Grupos'!I58,1,0),0)+IF(AND(ISNUMBER('Fase de Grupos'!G60),ISNUMBER('Fase de Grupos'!I60)),IF('Fase de Grupos'!G60>'Fase de Grupos'!I60,1,0),0)+IF(AND(ISNUMBER('Fase de Grupos'!G56),ISNUMBER('Fase de Grupos'!I56)),IF('Fase de Grupos'!I56>'Fase de Grupos'!G56,1,0),0) | E41: =IF(AND(ISNUMBER('Fase de Grupos'!G58),ISNUMBER('Fase de Grupos'!I58)),IF('Fase de Grupos'!G58='Fase de Grupos'!I58,1,0),0)+IF(AND(ISNUMBER('Fase de Grupos'!G60),ISNUMBER('Fase de Grupos'!I60)),IF('Fase de Grupos'!G60='Fase de Grupos'!I60,1,0),0)+IF(AND(ISNUMBER('Fase de Grupos'!G56),ISNUMBER('Fase de Grupos'!I56)),IF('Fase de Grupos'!I56='Fase de Grupos'!G56,1,0),0) | F41: =IF(AND(ISNUMBER('Fase de Grupos'!G58),ISNUMBER('Fase de Grupos'!I58)),IF('Fase de Grupos'!G58<'Fase de Grupos'!I58,1,0),0)+IF(AND(ISNUMBER('Fase de Grupos'!G60),ISNUMBER('Fase de Grupos'!I60)),IF('Fase de Grupos'!G60<'Fase de Grupos'!I60,1,0),0)+IF(AND(ISNUMBER('Fase de Grupos'!G56),ISNUMBER('Fase de Grupos'!I56)),IF('Fase de Grupos'!I56<'Fase de Grupos'!G56,1,0),0) | G41: =SUM('Fase de Grupos'!G58,'Fase de Grupos'!G60,'Fase de Grupos'!I56) | H41: =SUM('Fase de Grupos'!I58,'Fase de Grupos'!I60,'Fase de Grupos'!G56) | I41: =G41-H41 | J41: =D41*3+E41 | K41: =J41*100000+(I41+1000)*100+G41*10+0
B42: Portugal | C42: =COUNT('Fase de Grupos'!R55,'Fase de Grupos'!R57,'Fase de Grupos'!T59) | D42: =IF(AND(ISNUMBER('Fase de Grupos'!R55),ISNUMBER('Fase de Grupos'!T55)),IF('Fase de Grupos'!R55>'Fase de Grupos'!T55,1,0),0)+IF(AND(ISNUMBER('Fase de Grupos'!R57),ISNUMBER('Fase de Grupos'!T57)),IF('Fase de Grupos'!R57>'Fase de Grupos'!T57,1,0),0)+IF(AND(ISNUMBER('Fase de Grupos'!R59),ISNUMBER('Fase de Grupos'!T59)),IF('Fase de Grupos'!T59>'Fase de Grupos'!R59,1,0),0) | E42: =IF(AND(ISNUMBER('Fase de Grupos'!R55),ISNUMBER('Fase de Grupos'!T55)),IF('Fase de Grupos'!R55='Fase de Grupos'!T55,1,0),0)+IF(AND(ISNUMBER('Fase de Grupos'!R57),ISNUMBER('Fase de Grupos'!T57)),IF('Fase de Grupos'!R57='Fase de Grupos'!T57,1,0),0)+IF(AND(ISNUMBER('Fase de Grupos'!R59),ISNUMBER('Fase de Grupos'!T59)),IF('Fase de Grupos'!T59='Fase de Grupos'!R59,1,0),0) | F42: =IF(AND(ISNUMBER('Fase de Grupos'!R55),ISNUMBER('Fase de Grupos'!T55)),IF('Fase de Grupos'!R55<'Fase de Grupos'!T55,1,0),0)+IF(AND(ISNUMBER('Fase de Grupos'!R57),ISNUMBER('Fase de Grupos'!T57)),IF('Fase de Grupos'!R57<'Fase de Grupos'!T57,1,0),0)+IF(AND(ISNUMBER('Fase de Grupos'!R59),ISNUMBER('Fase de Grupos'!T59)),IF('Fase de Grupos'!T59<'Fase de Grupos'!R59,1,0),0) | G42: =SUM('Fase de Grupos'!R55,'Fase de Grupos'!R57,'Fase de Grupos'!T59) | H42: =SUM('Fase de Grupos'!T55,'Fase de Grupos'!T57,'Fase de Grupos'!R59) | I42: =G42-H42 | J42: =D42*3+E42 | K42: =J42*100000+(I42+1000)*100+G42*10+3
B43: Colombia | C43: =COUNT('Fase de Grupos'!R58,'Fase de Grupos'!R59,'Fase de Grupos'!T56) | D43: =IF(AND(ISNUMBER('Fase de Grupos'!R58),ISNUMBER('Fase de Grupos'!T58)),IF('Fase de Grupos'!R58>'Fase de Grupos'!T58,1,0),0)+IF(AND(ISNUMBER('Fase de Grupos'!R59),ISNUMBER('Fase de Grupos'!T59)),IF('Fase de Grupos'!R59>'Fase de Grupos'!T59,1,0),0)+IF(AND(ISNUMBER('Fase de Grupos'!R56),ISNUMBER('Fase de Grupos'!T56)),IF('Fase de Grupos'!T56>'Fase de Grupos'!R56,1,0),0) | E43: =IF(AND(ISNUMBER('Fase de Grupos'!R58),ISNUMBER('Fase de Grupos'!T58)),IF('Fase de Grupos'!R58='Fase de Grupos'!T58,1,0),0)+IF(AND(ISNUMBER('Fase de Grupos'!R59),ISNUMBER('Fase de Grupos'!T59)),IF('Fase de Grupos'!R59='Fase de Grupos'!T59,1,0),0)+IF(AND(ISNUMBER('Fase de Grupos'!R56),ISNUMBER('Fase de Grupos'!T56)),IF('Fase de Grupos'!T56='Fase de Grupos'!R56,1,0),0) | F43: =IF(AND(ISNUMBER('Fase de Grupos'!R58),ISNUMBER('Fase de Grupos'!T58)),IF('Fase de Grupos'!R58<'Fase de Grupos'!T58,1,0),0)+IF(AND(ISNUMBER('Fase de Grupos'!R59),ISNUMBER('Fase de Grupos'!T59)),IF('Fase de Grupos'!R59<'Fase de Grupos'!T59,1,0),0)+IF(AND(ISNUMBER('Fase de Grupos'!R56),ISNUMBER('Fase de Grupos'!T56)),IF('Fase de Grupos'!T56<'Fase de Grupos'!R56,1,0),0) | G43: =SUM('Fase de Grupos'!R58,'Fase de Grupos'!R59,'Fase de Grupos'!T56) | H43: =SUM('Fase de Grupos'!T58,'Fase de Grupos'!T59,'Fase de Grupos'!R56) | I43: =G43-H43 | J43: =D43*3+E43 | K43: =J43*100000+(I43+1000)*100+G43*10+2
B44: Uzbekistán | C44: =COUNT('Fase de Grupos'!R56,'Fase de Grupos'!T57,'Fase de Grupos'!T60) | D44: =IF(AND(ISNUMBER('Fase de Grupos'!R56),ISNUMBER('Fase de Grupos'!T56)),IF('Fase de Grupos'!R56>'Fase de Grupos'!T56,1,0),0)+IF(AND(ISNUMBER('Fase de Grupos'!R57),ISNUMBER('Fase de Grupos'!T57)),IF('Fase de Grupos'!T57>'Fase de Grupos'!R57,1,0),0)+IF(AND(ISNUMBER('Fase de Grupos'!R60),ISNUMBER('Fase de Grupos'!T60)),IF('Fase de Grupos'!T60>'Fase de Grupos'!R60,1,0),0) | E44: =IF(AND(ISNUMBER('Fase de Grupos'!R56),ISNUMBER('Fase de Grupos'!T56)),IF('Fase de Grupos'!R56='Fase de Grupos'!T56,1,0),0)+IF(AND(ISNUMBER('Fase de Grupos'!R57),ISNUMBER('Fase de Grupos'!T57)),IF('Fase de Grupos'!T57='Fase de Grupos'!R57,1,0),0)+IF(AND(ISNUMBER('Fase de Grupos'!R60),ISNUMBER('Fase de Grupos'!T60)),IF('Fase de Grupos'!T60='Fase de Grupos'!R60,1,0),0) | F44: =IF(AND(ISNUMBER('Fase de Grupos'!R56),ISNUMBER('Fase de Grupos'!T56)),IF('Fase de Grupos'!R56<'Fase de Grupos'!T56,1,0),0)+IF(AND(ISNUMBER('Fase de Grupos'!R57),ISNUMBER('Fase de Grupos'!T57)),IF('Fase de Grupos'!T57<'Fase de Grupos'!R57,1,0),0)+IF(AND(ISNUMBER('Fase de Grupos'!R60),ISNUMBER('Fase de Grupos'!T60)),IF('Fase de Grupos'!T60<'Fase de Grupos'!R60,1,0),0) | G44: =SUM('Fase de Grupos'!R56,'Fase de Grupos'!T57,'Fase de Grupos'!T60) | H44: =SUM('Fase de Grupos'!T56,'Fase de Grupos'!R57,'Fase de Grupos'!R60) | I44: =G44-H44 | J44: =D44*3+E44 | K44: =J44*100000+(I44+1000)*100+G44*10+1
A45: L | B45: RD Congo | C45: =COUNT('Fase de Grupos'!R60,'Fase de Grupos'!T55,'Fase de Grupos'!T58) | D45: =IF(AND(ISNUMBER('Fase de Grupos'!R60),ISNUMBER('Fase de Grupos'!T60)),IF('Fase de Grupos'!R60>'Fase de Grupos'!T60,1,0),0)+IF(AND(ISNUMBER('Fase de Grupos'!R55),ISNUMBER('Fase de Grupos'!T55)),IF('Fase de Grupos'!T55>'Fase de Grupos'!R55,1,0),0)+IF(AND(ISNUMBER('Fase de Grupos'!R58),ISNUMBER('Fase de Grupos'!T58)),IF('Fase de Grupos'!T58>'Fase de Grupos'!R58,1,0),0) | E45: =IF(AND(ISNUMBER('Fase de Grupos'!R60),ISNUMBER('Fase de Grupos'!T60)),IF('Fase de Grupos'!R60='Fase de Grupos'!T60,1,0),0)+IF(AND(ISNUMBER('Fase de Grupos'!R55),ISNUMBER('Fase de Grupos'!T55)),IF('Fase de Grupos'!T55='Fase de Grupos'!R55,1,0),0)+IF(AND(ISNUMBER('Fase de Grupos'!R58),ISNUMBER('Fase de Grupos'!T58)),IF('Fase de Grupos'!T58='Fase de Grupos'!R58,1,0),0) | F45: =IF(AND(ISNUMBER('Fase de Grupos'!R60),ISNUMBER('Fase de Grupos'!T60)),IF('Fase de Grupos'!R60<'Fase de Grupos'!T60,1,0),0)+IF(AND(ISNUMBER('Fase de Grupos'!R55),ISNUMBER('Fase de Grupos'!T55)),IF('Fase de Grupos'!T55<'Fase de Grupos'!R55,1,0),0)+IF(AND(ISNUMBER('Fase de Grupos'!R58),ISNUMBER('Fase de Grupos'!T58)),IF('Fase de Grupos'!T58<'Fase de Grupos'!R58,1,0),0) | G45: =SUM('Fase de Grupos'!R60,'Fase de Grupos'!T55,'Fase de Grupos'!T58) | H45: =SUM('Fase de Grupos'!T60,'Fase de Grupos'!R55,'Fase de Grupos'!R58) | I45: =G45-H45 | J45: =D45*3+E45 | K45: =J45*100000+(I45+1000)*100+G45*10+0
B46: Inglaterra | C46: =COUNT('Fase de Grupos'!AC56,'Fase de Grupos'!AC57,'Fase de Grupos'!AE59) | D46: =IF(AND(ISNUMBER('Fase de Grupos'!AC56),ISNUMBER('Fase de Grupos'!AE56)),IF('Fase de Grupos'!AC56>'Fase de Grupos'!AE56,1,0),0)+IF(AND(ISNUMBER('Fase de Grupos'!AC57),ISNUMBER('Fase de Grupos'!AE57)),IF('Fase de Grupos'!AC57>'Fase de Grupos'!AE57,1,0),0)+IF(AND(ISNUMBER('Fase de Grupos'!AC59),ISNUMBER('Fase de Grupos'!AE59)),IF('Fase de Grupos'!AE59>'Fase de Grupos'!AC59,1,0),0) | E46: =IF(AND(ISNUMBER('Fase de Grupos'!AC56),ISNUMBER('Fase de Grupos'!AE56)),IF('Fase de Grupos'!AC56='Fase de Grupos'!AE56,1,0),0)+IF(AND(ISNUMBER('Fase de Grupos'!AC57),ISNUMBER('Fase de Grupos'!AE57)),IF('Fase de Grupos'!AC57='Fase de Grupos'!AE57,1,0),0)+IF(AND(ISNUMBER('Fase de Grupos'!AC59),ISNUMBER('Fase de Grupos'!AE59)),IF('Fase de Grupos'!AE59='Fase de Grupos'!AC59,1,0),0) | F46: =IF(AND(ISNUMBER('Fase de Grupos'!AC56),ISNUMBER('Fase de Grupos'!AE56)),IF('Fase de Grupos'!AC56<'Fase de Grupos'!AE56,1,0),0)+IF(AND(ISNUMBER('Fase de Grupos'!AC57),ISNUMBER('Fase de Grupos'!AE57)),IF('Fase de Grupos'!AC57<'Fase de Grupos'!AE57,1,0),0)+IF(AND(ISNUMBER('Fase de Grupos'!AC59),ISNUMBER('Fase de Grupos'!AE59)),IF('Fase de Grupos'!AE59<'Fase de Grupos'!AC59,1,0),0) | G46: =SUM('Fase de Grupos'!AC56,'Fase de Grupos'!AC57,'Fase de Grupos'!AE59) | H46: =SUM('Fase de Grupos'!AE56,'Fase de Grupos'!AE57,'Fase de Grupos'!AC59) | I46: =G46-H46 | J46: =D46*3+E46 | K46: =J46*100000+(I46+1000)*100+G46*10+3
B47: Croacia | C47: =COUNT('Fase de Grupos'!AC60,'Fase de Grupos'!AE56,'Fase de Grupos'!AE58) | D47: =IF(AND(ISNUMBER('Fase de Grupos'!AC60),ISNUMBER('Fase de Grupos'!AE60)),IF('Fase de Grupos'!AC60>'Fase de Grupos'!AE60,1,0),0)+IF(AND(ISNUMBER('Fase de Grupos'!AC56),ISNUMBER('Fase de Grupos'!AE56)),IF('Fase de Grupos'!AE56>'Fase de Grupos'!AC56,1,0),0)+IF(AND(ISNUMBER('Fase de Grupos'!AC58),ISNUMBER('Fase de Grupos'!AE58)),IF('Fase de Grupos'!AE58>'Fase de Grupos'!AC58,1,0),0) | E47: =IF(AND(ISNUMBER('Fase de Grupos'!AC60),ISNUMBER('Fase de Grupos'!AE60)),IF('Fase de Grupos'!AC60='Fase de Grupos'!AE60,1,0),0)+IF(AND(ISNUMBER('Fase de Grupos'!AC56),ISNUMBER('Fase de Grupos'!AE56)),IF('Fase de Grupos'!AE56='Fase de Grupos'!AC56,1,0),0)+IF(AND(ISNUMBER('Fase de Grupos'!AC58),ISNUMBER('Fase de Grupos'!AE58)),IF('Fase de Grupos'!AE58='Fase de Grupos'!AC58,1,0),0) | F47: =IF(AND(ISNUMBER('Fase de Grupos'!AC60),ISNUMBER('Fase de Grupos'!AE60)),IF('Fase de Grupos'!AC60<'Fase de Grupos'!AE60,1,0),0)+IF(AND(ISNUMBER('Fase de Grupos'!AC56),ISNUMBER('Fase de Grupos'!AE56)),IF('Fase de Grupos'!AE56<'Fase de Grupos'!AC56,1,0),0)+IF(AND(ISNUMBER('Fase de Grupos'!AC58),ISNUMBER('Fase de Grupos'!AE58)),IF('Fase de Grupos'!AE58<'Fase de Grupos'!AC58,1,0),0) | G47: =SUM('Fase de Grupos'!AC60,'Fase de Grupos'!AE56,'Fase de Grupos'!AE58) | H47: =SUM('Fase de Grupos'!AE60,'Fase de Grupos'!AC56,'Fase de Grupos'!AC58) | I47: =G47-H47 | J47: =D47*3+E47 | K47: =J47*100000+(I47+1000)*100+G47*10+2
B48: Ghana | C48: =COUNT('Fase de Grupos'!AC55,'Fase de Grupos'!AE57,'Fase de Grupos'!AE60) | D48: =IF(AND(ISNUMBER('Fase de Grupos'!AC55),ISNUMBER('Fase de Grupos'!AE55)),IF('Fase de Grupos'!AC55>'Fase de Grupos'!AE55,1,0),0)+IF(AND(ISNUMBER('Fase de Grupos'!AC57),ISNUMBER('Fase de Grupos'!AE57)),IF('Fase de Grupos'!AE57>'Fase de Grupos'!AC57,1,0),0)+IF(AND(ISNUMBER('Fase de Grupos'!AC60),ISNUMBER('Fase de Grupos'!AE60)),IF('Fase de Grupos'!AE60>'Fase de Grupos'!AC60,1,0),0) | E48: =IF(AND(ISNUMBER('Fase de Grupos'!AC55),ISNUMBER('Fase de Grupos'!AE55)),IF('Fase de Grupos'!AC55='Fase de Grupos'!AE55,1,0),0)+IF(AND(ISNUMBER('Fase de Grupos'!AC57),ISNUMBER('Fase de Grupos'!AE57)),IF('Fase de Grupos'!AE57='Fase de Grupos'!AC57,1,0),0)+IF(AND(ISNUMBER('Fase de Grupos'!AC60),ISNUMBER('Fase de Grupos'!AE60)),IF('Fase de Grupos'!AE60='Fase de Grupos'!AC60,1,0),0) | F48: =IF(AND(ISNUMBER('Fase de Grupos'!AC55),ISNUMBER('Fase de Grupos'!AE55)),IF('Fase de Grupos'!AC55<'Fase de Grupos'!AE55,1,0),0)+IF(AND(ISNUMBER('Fase de Grupos'!AC57),ISNUMBER('Fase de Grupos'!AE57)),IF('Fase de Grupos'!AE57<'Fase de Grupos'!AC57,1,0),0)+IF(AND(ISNUMBER('Fase de Grupos'!AC60),ISNUMBER('Fase de Grupos'!AE60)),IF('Fase de Grupos'!AE60<'Fase de Grupos'!AC60,1,0),0) | G48: =SUM('Fase de Grupos'!AC55,'Fase de Grupos'!AE57,'Fase de Grupos'!AE60) | H48: =SUM('Fase de Grupos'!AE55,'Fase de Grupos'!AC57,'Fase de Grupos'!AC60) | I48: =G48-H48 | J48: =D48*3+E48 | K48: =J48*100000+(I48+1000)*100+G48*10+1
B49: Panamá | C49: =COUNT('Fase de Grupos'!AC58,'Fase de Grupos'!AC59,'Fase de Grupos'!AE55) | D49: =IF(AND(ISNUMBER('Fase de Grupos'!AC58),ISNUMBER('Fase de Grupos'!AE58)),IF('Fase de Grupos'!AC58>'Fase de Grupos'!AE58,1,0),0)+IF(AND(ISNUMBER('Fase de Grupos'!AC59),ISNUMBER('Fase de Grupos'!AE59)),IF('Fase de Grupos'!AC59>'Fase de Grupos'!AE59,1,0),0)+IF(AND(ISNUMBER('Fase de Grupos'!AC55),ISNUMBER('Fase de Grupos'!AE55)),IF('Fase de Grupos'!AE55>'Fase de Grupos'!AC55,1,0),0) | E49: =IF(AND(ISNUMBER('Fase de Grupos'!AC58),ISNUMBER('Fase de Grupos'!AE58)),IF('Fase de Grupos'!AC58='Fase de Grupos'!AE58,1,0),0)+IF(AND(ISNUMBER('Fase de Grupos'!AC59),ISNUMBER('Fase de Grupos'!AE59)),IF('Fase de Grupos'!AC59='Fase de Grupos'!AE59,1,0),0)+IF(AND(ISNUMBER('Fase de Grupos'!AC55),ISNUMBER('Fase de Grupos'!AE55)),IF('Fase de Grupos'!AE55='Fase de Grupos'!AC55,1,0),0) | F49: =IF(AND(ISNUMBER('Fase de Grupos'!AC58),ISNUMBER('Fase de Grupos'!AE58)),IF('Fase de Grupos'!AC58<'Fase de Grupos'!AE58,1,0),0)+IF(AND(ISNUMBER('Fase de Grupos'!AC59),ISNUMBER('Fase de Grupos'!AE59)),IF('Fase de Grupos'!AC59<'Fase de Grupos'!AE59,1,0),0)+IF(AND(ISNUMBER('Fase de Grupos'!AC55),ISNUMBER('Fase de Grupos'!AE55)),IF('Fase de Grupos'!AE55<'Fase de Grupos'!AC55,1,0),0) | G49: =SUM('Fase de Grupos'!AC58,'Fase de Grupos'!AC59,'Fase de Grupos'!AE55) | H49: =SUM('Fase de Grupos'!AE58,'Fase de Grupos'!AE59,'Fase de Grupos'!AC55) | I49: =G49-H49 | J49: =D49*3+E49 | K49: =J49*100000+(I49+1000)*100+G49*10+0

Sheet Eliminatorias
B1: EL CAMINO A LA GLORIA
B3: 1/16 AVOS
B4: ID | C4: Fecha | D4: Sede | E4: Local | G4: GF | H4: - | I4: GC | K4: Visitante | L4: Penaltis
B5: R32-01 | C5: 29/06 | D5: Gillette Stadium | E5: =INDEX(CALC!$B$18:$B$21,MATCH(LARGE(CALC!$K$18:$K$21,1),CALC!$K$18:$K$21,0)) | H5: – | K5: Catar
B6: R32-02 | C6: 30/06 | D6: MetLife Stadium | E6: =INDEX(CALC!$B$34:$B$37,MATCH(LARGE(CALC!$K$34:$K$37,1),CALC!$K$34:$K$37,0)) | H6: – | K6: Escocia
B7: R32-03 | C7: 28/06 | D7: SoFi Stadium | E7: =INDEX(CALC!$B$2:$B$5,MATCH(LARGE(CALC!$K$2:$K$5,2),CALC!$K$2:$K$5,0)) | H7: – | K7: =INDEX(CALC!$B$6:$B$9,MATCH(LARGE(CALC!$K$6:$K$9,2),CALC!$K$6:$K$9,0))
B8: R32-04 | C8: 29/06 | D8: Estadio BBVA | E8: =INDEX(CALC!$B$22:$B$25,MATCH(LARGE(CALC!$K$22:$K$25,1),CALC!$K$22:$K$25,0)) | H8: – | K8: =INDEX(CALC!$B$10:$B$13,MATCH(LARGE(CALC!$K$10:$K$13,2),CALC!$K$10:$K$13,0))
B9: R32-05 | C9: 02/07 | D9: Toronto Stadium | E9: =INDEX(CALC!$B$42:$B$45,MATCH(LARGE(CALC!$K$42:$K$45,2),CALC!$K$42:$K$45,0)) | H9: – | K9: =INDEX(CALC!$B$46:$B$49,MATCH(LARGE(CALC!$K$46:$K$49,2),CALC!$K$46:$K$49,0))
B10: R32-06 | C10: 02/07 | D10: SoFi Stadium | E10: =INDEX(CALC!$B$30:$B$33,MATCH(LARGE(CALC!$K$30:$K$33,1),CALC!$K$30:$K$33,0)) | H10: – | K10: =INDEX(CALC!$B$38:$B$41,MATCH(LARGE(CALC!$K$38:$K$41,2),CALC!$K$38:$K$41,0))
B11: R32-07 | C11: 01/07 | D11: Levi's Stadium | E11: =INDEX(CALC!$B$14:$B$17,MATCH(LARGE(CALC!$K$14:$K$17,1),CALC!$K$14:$K$17,0)) | H11: – | K11: Costa de Marfil
B12: R32-08 | C12: 01/07 | D12: Lumen Field | E12: =INDEX(CALC!$B$26:$B$29,MATCH(LARGE(CALC!$K$26:$K$29,1),CALC!$K$26:$K$29,0)) | H12: – | K12: Arabia Saudita
B13: R32-09 | C13: 29/06 | D13: NRG Stadium | E13: =INDEX(CALC!$B$10:$B$13,MATCH(LARGE(CALC!$K$10:$K$13,1),CALC!$K$10:$K$13,0)) | H13: – | K13: =INDEX(CALC!$B$22:$B$25,MATCH(LARGE(CALC!$K$22:$K$25,2),CALC!$K$22:$K$25,0))
B14: R32-10 | C14: 30/06 | D14: AT&T Stadium | E14: =INDEX(CALC!$B$18:$B$21,MATCH(LARGE(CALC!$K$18:$K$21,2),CALC!$K$18:$K$21,0)) | H14: – | K14: =INDEX(CALC!$B$34:$B$37,MATCH(LARGE(CALC!$K$34:$K$37,2),CALC!$K$34:$K$37,0))
B15: R32-11 | C15: 30/06 | D15: Estadio Azteca | E15: =INDEX(CALC!$B$2:$B$5,MATCH(LARGE(CALC!$K$2:$K$5,1),CALC!$K$2:$K$5,0)) | H15: – | K15: Túnez
B16: R32-12 | C16: 01/07 | D16: Mercedes-Benz Stadium | E16: =INDEX(CALC!$B$46:$B$49,MATCH(LARGE(CALC!$K$46:$K$49,1),CALC!$K$46:$K$49,0)) | H16: – | K16: Noruega
B17: R32-13 | C17: 03/07 | D17: Hard Rock Stadium | E17: =INDEX(CALC!$B$38:$B$41,MATCH(LARGE(CALC!$K$38:$K$41,1),CALC!$K$38:$K$41,0)) | H17: – | K17: =INDEX(CALC!$B$30:$B$33,MATCH(LARGE(CALC!$K$30:$K$33,2),CALC!$K$30:$K$33,0))
B18: R32-14 | C18: 03/07 | D18: AT&T Stadium | E18: =INDEX(CALC!$B$14:$B$17,MATCH(LARGE(CALC!$K$14:$K$17,2),CALC!$K$14:$K$17,0)) | H18: – | K18: =INDEX(CALC!$B$26:$B$29,MATCH(LARGE(CALC!$K$26:$K$29,2),CALC!$K$26:$K$29,0))
B19: R32-15 | C19: 02/07 | D19: BC Place Vancouver | E19: =INDEX(CALC!$B$6:$B$9,MATCH(LARGE(CALC!$K$6:$K$9,1),CALC!$K$6:$K$9,0)) | H19: – | K19: Irán
B20: R32-16 | C20: 03/07 | D20: Arrowhead Stadium | E20: =INDEX(CALC!$B$42:$B$45,MATCH(LARGE(CALC!$K$42:$K$45,1),CALC!$K$42:$K$45,0)) | H20: – | K20: Australia
B23: OCTAVOS
B24: ID | C24: Fecha | D24: Sede | E24: Local | G24: GF | H24: - | I24: GC | K24: Visitante | L24: Penaltis
B25: R16-01 | C25: 04/07 | D25: Lincoln Financial Field | E25: =IF(AND(ISNUMBER(G5),ISNUMBER(I5)),IF(G5>I5,E5,IF(I5>G5,K5,IF(AND(LEN(L5)>2,ISNUMBER(VALUE(LEFT(L5,FIND("-",L5)-1)))),IF(VALUE(LEFT(L5,FIND("-",L5)-1))>VALUE(MID(L5,FIND("-",L5)+1,10)),E5,K5),""))),"") | H25: – | K25: =IF(AND(ISNUMBER(G6),ISNUMBER(I6)),IF(G6>I6,E6,IF(I6>G6,K6,IF(AND(LEN(L6)>2,ISNUMBER(VALUE(LEFT(L6,FIND("-",L6)-1)))),IF(VALUE(LEFT(L6,FIND("-",L6)-1))>VALUE(MID(L6,FIND("-",L6)+1,10)),E6,K6),""))),"")
B26: R16-02 | C26: 04/07 | D26: NRG Stadium | E26: =IF(AND(ISNUMBER(G7),ISNUMBER(I7)),IF(G7>I7,E7,IF(I7>G7,K7,IF(AND(LEN(L7)>2,ISNUMBER(VALUE(LEFT(L7,FIND("-",L7)-1)))),IF(VALUE(LEFT(L7,FIND("-",L7)-1))>VALUE(MID(L7,FIND("-",L7)+1,10)),E7,K7),""))),"") | H26: – | K26: =IF(AND(ISNUMBER(G8),ISNUMBER(I8)),IF(G8>I8,E8,IF(I8>G8,K8,IF(AND(LEN(L8)>2,ISNUMBER(VALUE(LEFT(L8,FIND("-",L8)-1)))),IF(VALUE(LEFT(L8,FIND("-",L8)-1))>VALUE(MID(L8,FIND("-",L8)+1,10)),E8,K8),""))),"")
B27: R16-03 | C27: 06/07 | D27: AT&T Stadium | E27: =IF(AND(ISNUMBER(G9),ISNUMBER(I9)),IF(G9>I9,E9,IF(I9>G9,K9,IF(AND(LEN(L9)>2,ISNUMBER(VALUE(LEFT(L9,FIND("-",L9)-1)))),IF(VALUE(LEFT(L9,FIND("-",L9)-1))>VALUE(MID(L9,FIND("-",L9)+1,10)),E9,K9),""))),"") | H27: – | K27: =IF(AND(ISNUMBER(G10),ISNUMBER(I10)),IF(G10>I10,E10,IF(I10>G10,K10,IF(AND(LEN(L10)>2,ISNUMBER(VALUE(LEFT(L10,FIND("-",L10)-1)))),IF(VALUE(LEFT(L10,FIND("-",L10)-1))>VALUE(MID(L10,FIND("-",L10)+1,10)),E10,K10),""))),"")
B28: R16-04 | C28: 06/07 | D28: Lumen Field | E28: =IF(AND(ISNUMBER(G11),ISNUMBER(I11)),IF(G11>I11,E11,IF(I11>G11,K11,IF(AND(LEN(L11)>2,ISNUMBER(VALUE(LEFT(L11,FIND("-",L11)-1)))),IF(VALUE(LEFT(L11,FIND("-",L11)-1))>VALUE(MID(L11,FIND("-",L11)+1,10)),E11,K11),""))),"") | H28: – | K28: =IF(AND(ISNUMBER(G12),ISNUMBER(I12)),IF(G12>I12,E12,IF(I12>G12,K12,IF(AND(LEN(L12)>2,ISNUMBER(VALUE(LEFT(L12,FIND("-",L12)-1)))),IF(VALUE(LEFT(L12,FIND("-",L12)-1))>VALUE(MID(L12,FIND("-",L12)+1,10)),E12,K12),""))),"")
B29: R16-05 | C29: 05/07 | D29: MetLife Stadium | E29: =IF(AND(ISNUMBER(G13),ISNUMBER(I13)),IF(G13>I13,E13,IF(I13>G13,K13,IF(AND(LEN(L13)>2,ISNUMBER(VALUE(LEFT(L13,FIND("-",L13)-1)))),IF(VALUE(LEFT(L13,FIND("-",L13)-1))>VALUE(MID(L13,FIND("-",L13)+1,10)),E13,K13),""))),"") | H29: – | K29: =IF(AND(ISNUMBER(G14),ISNUMBER(I14)),IF(G14>I14,E14,IF(I14>G14,K14,IF(AND(LEN(L14)>2,ISNUMBER(VALUE(LEFT(L14,FIND("-",L14)-1)))),IF(VALUE(LEFT(L14,FIND("-",L14)-1))>VALUE(MID(L14,FIND("-",L14)+1,10)),E14,K14),""))),"")
B30: R16-06 | C30: 05/07 | D30: Estadio Azteca | E30: =IF(AND(ISNUMBER(G15),ISNUMBER(I15)),IF(G15>I15,E15,IF(I15>G15,K15,IF(AND(LEN(L15)>2,ISNUMBER(VALUE(LEFT(L15,FIND("-",L15)-1)))),IF(VALUE(LEFT(L15,FIND("-",L15)-1))>VALUE(MID(L15,FIND("-",L15)+1,10)),E15,K15),""))),"") | H30: – | K30: =IF(AND(ISNUMBER(G16),ISNUMBER(I16)),IF(G16>I16,E16,IF(I16>G16,K16,IF(AND(LEN(L16)>2,ISNUMBER(VALUE(LEFT(L16,FIND("-",L16)-1)))),IF(VALUE(LEFT(L16,FIND("-",L16)-1))>VALUE(MID(L16,FIND("-",L16)+1,10)),E16,K16),""))),"")
B31: R16-07 | C31: 07/07 | D31: Mercedes-Benz Stadium | E31: =IF(AND(ISNUMBER(G17),ISNUMBER(I17)),IF(G17>I17,E17,IF(I17>G17,K17,IF(AND(LEN(L17)>2,ISNUMBER(VALUE(LEFT(L17,FIND("-",L17)-1)))),IF(VALUE(LEFT(L17,FIND("-",L17)-1))>VALUE(MID(L17,FIND("-",L17)+1,10)),E17,K17),""))),"") | H31: – | K31: =IF(AND(ISNUMBER(G18),ISNUMBER(I18)),IF(G18>I18,E18,IF(I18>G18,K18,IF(AND(LEN(L18)>2,ISNUMBER(VALUE(LEFT(L18,FIND("-",L18)-1)))),IF(VALUE(LEFT(L18,FIND("-",L18)-1))>VALUE(MID(L18,FIND("-",L18)+1,10)),E18,K18),""))),"")
B32: R16-08 | C32: 07/07 | D32: BC Place Vancouver | E32: =IF(AND(ISNUMBER(G19),ISNUMBER(I19)),IF(G19>I19,E19,IF(I19>G19,K19,IF(AND(LEN(L19)>2,ISNUMBER(VALUE(LEFT(L19,FIND("-",L19)-1)))),IF(VALUE(LEFT(L19,FIND("-",L19)-1))>VALUE(MID(L19,FIND("-",L19)+1,10)),E19,K19),""))),"") | H32: – | K32: =IF(AND(ISNUMBER(G20),ISNUMBER(I20)),IF(G20>I20,E20,IF(I20>G20,K20,IF(AND(LEN(L20)>2,ISNUMBER(VALUE(LEFT(L20,FIND("-",L20)-1)))),IF(VALUE(LEFT(L20,FIND("-",L20)-1))>VALUE(MID(L20,FIND("-",L20)+1,10)),E20,K20),""))),"")
B35: CUARTOS
B36: ID | C36: Fecha | D36: Sede | E36: Local | G36: GF | H36: - | I36: GC | K36: Visitante | L36: Penaltis
B37: QF-01 | C37: 09/07 | D37: Gillette Stadium | E37: =IF(AND(ISNUMBER(G25),ISNUMBER(I25)),IF(G25>I25,E25,IF(I25>G25,K25,IF(AND(LEN(L25)>2,ISNUMBER(VALUE(LEFT(L25,FIND("-",L25)-1)))),IF(VALUE(LEFT(L25,FIND("-",L25)-1))>VALUE(MID(L25,FIND("-",L25)+1,10)),E25,K25),""))),"") | H37: – | K37: =IF(AND(ISNUMBER(G26),ISNUMBER(I26)),IF(G26>I26,E26,IF(I26>G26,K26,IF(AND(LEN(L26)>2,ISNUMBER(VALUE(LEFT(L26,FIND("-",L26)-1)))),IF(VALUE(LEFT(L26,FIND("-",L26)-1))>VALUE(MID(L26,FIND("-",L26)+1,10)),E26,K26),""))),"")
B38: QF-02 | C38: 10/07 | D38: SoFi Stadium | E38: =IF(AND(ISNUMBER(G27),ISNUMBER(I27)),IF(G27>I27,E27,IF(I27>G27,K27,IF(AND(LEN(L27)>2,ISNUMBER(VALUE(LEFT(L27,FIND("-",L27)-1)))),IF(VALUE(LEFT(L27,FIND("-",L27)-1))>VALUE(MID(L27,FIND("-",L27)+1,10)),E27,K27),""))),"") | H38: – | K38: =IF(AND(ISNUMBER(G28),ISNUMBER(I28)),IF(G28>I28,E28,IF(I28>G28,K28,IF(AND(LEN(L28)>2,ISNUMBER(VALUE(LEFT(L28,FIND("-",L28)-1)))),IF(VALUE(LEFT(L28,FIND("-",L28)-1))>VALUE(MID(L28,FIND("-",L28)+1,10)),E28,K28),""))),"")
B39: QF-03 | C39: 11/07 | D39: Hard Rock Stadium | E39: =IF(AND(ISNUMBER(G29),ISNUMBER(I29)),IF(G29>I29,E29,IF(I29>G29,K29,IF(AND(LEN(L29)>2,ISNUMBER(VALUE(LEFT(L29,FIND("-",L29)-1)))),IF(VALUE(LEFT(L29,FIND("-",L29)-1))>VALUE(MID(L29,FIND("-",L29)+1,10)),E29,K29),""))),"") | H39: – | K39: =IF(AND(ISNUMBER(G30),ISNUMBER(I30)),IF(G30>I30,E30,IF(I30>G30,K30,IF(AND(LEN(L30)>2,ISNUMBER(VALUE(LEFT(L30,FIND("-",L30)-1)))),IF(VALUE(LEFT(L30,FIND("-",L30)-1))>VALUE(MID(L30,FIND("-",L30)+1,10)),E30,K30),""))),"")
B40: QF-04 | C40: 11/07 | D40: Arrowhead Stadium | E40: =IF(AND(ISNUMBER(G31),ISNUMBER(I31)),IF(G31>I31,E31,IF(I31>G31,K31,IF(AND(LEN(L31)>2,ISNUMBER(VALUE(LEFT(L31,FIND("-",L31)-1)))),IF(VALUE(LEFT(L31,FIND("-",L31)-1))>VALUE(MID(L31,FIND("-",L31)+1,10)),E31,K31),""))),"") | H40: – | K40: =IF(AND(ISNUMBER(G32),ISNUMBER(I32)),IF(G32>I32,E32,IF(I32>G32,K32,IF(AND(LEN(L32)>2,ISNUMBER(VALUE(LEFT(L32,FIND("-",L32)-1)))),IF(VALUE(LEFT(L32,FIND("-",L32)-1))>VALUE(MID(L32,FIND("-",L32)+1,10)),E32,K32),""))),"")
B43: SEMIS
B44: ID | C44: Fecha | D44: Sede | E44: Local | G44: GF | H44: - | I44: GC | K44: Visitante | L44: Penaltis
B45: SF-01 | C45: 14/07 | D45: AT&T Stadium | E45: =IF(AND(ISNUMBER(G37),ISNUMBER(I37)),IF(G37>I37,E37,IF(I37>G37,K37,IF(AND(LEN(L37)>2,ISNUMBER(VALUE(LEFT(L37,FIND("-",L37)-1)))),IF(VALUE(LEFT(L37,FIND("-",L37)-1))>VALUE(MID(L37,FIND("-",L37)+1,10)),E37,K37),""))),"") | H45: – | K45: =IF(AND(ISNUMBER(G38),ISNUMBER(I38)),IF(G38>I38,E38,IF(I38>G38,K38,IF(AND(LEN(L38)>2,ISNUMBER(VALUE(LEFT(L38,FIND("-",L38)-1)))),IF(VALUE(LEFT(L38,FIND("-",L38)-1))>VALUE(MID(L38,FIND("-",L38)+1,10)),E38,K38),""))),"")
B46: SF-02 | C46: 15/07 | D46: Mercedes-Benz Stadium | E46: =IF(AND(ISNUMBER(G39),ISNUMBER(I39)),IF(G39>I39,E39,IF(I39>G39,K39,IF(AND(LEN(L39)>2,ISNUMBER(VALUE(LEFT(L39,FIND("-",L39)-1)))),IF(VALUE(LEFT(L39,FIND("-",L39)-1))>VALUE(MID(L39,FIND("-",L39)+1,10)),E39,K39),""))),"") | H46: – | K46: =IF(AND(ISNUMBER(G40),ISNUMBER(I40)),IF(G40>I40,E40,IF(I40>G40,K40,IF(AND(LEN(L40)>2,ISNUMBER(VALUE(LEFT(L40,FIND("-",L40)-1)))),IF(VALUE(LEFT(L40,FIND("-",L40)-1))>VALUE(MID(L40,FIND("-",L40)+1,10)),E40,K40),""))),"")
B49: TERCER PUESTO
B50: ID | C50: Fecha | D50: Sede | E50: Local | G50: GF | H50: - | I50: GC | K50: Visitante | L50: Penaltis
B51: TP-01 | C51: 18/07 | D51: Hard Rock Stadium | E51: =IF(AND(ISNUMBER(G45),ISNUMBER(I45)),IF(G45>I45,K45,IF(I45>G45,E45,IF(AND(LEN(L45)>2,ISNUMBER(VALUE(LEFT(L45,FIND("-",L45)-1)))),IF(VALUE(LEFT(L45,FIND("-",L45)-1))>VALUE(MID(L45,FIND("-",L45)+1,10)),K45,E45),""))),"") | H51: – | K51: =IF(AND(ISNUMBER(G46),ISNUMBER(I46)),IF(G46>I46,K46,IF(I46>G46,E46,IF(AND(LEN(L46)>2,ISNUMBER(VALUE(LEFT(L46,FIND("-",L46)-1)))),IF(VALUE(LEFT(L46,FIND("-",L46)-1))>VALUE(MID(L46,FIND("-",L46)+1,10)),K46,E46),""))),"")
B54: FINAL
B55: ID | C55: Fecha | D55: Sede | E55: Local | G55: GF | H55: - | I55: GC | K55: Visitante | L55: Penaltis
B56: FIN-01 | C56: 19/07 | D56: MetLife Stadium | E56: =IF(AND(ISNUMBER(G45),ISNUMBER(I45)),IF(G45>I45,E45,IF(I45>G45,K45,IF(AND(LEN(L45)>2,ISNUMBER(VALUE(LEFT(L45,FIND("-",L45)-1)))),IF(VALUE(LEFT(L45,FIND("-",L45)-1))>VALUE(MID(L45,FIND("-",L45)+1,10)),E45,K45),""))),"") | H56: – | K56: =IF(AND(ISNUMBER(G46),ISNUMBER(I46)),IF(G46>I46,E46,IF(I46>G46,K46,IF(AND(LEN(L46)>2,ISNUMBER(VALUE(LEFT(L46,FIND("-",L46)-1)))),IF(VALUE(LEFT(L46,FIND("-",L46)-1))>VALUE(MID(L46,FIND("-",L46)+1,10)),E46,K46),""))),"")

Sheet AWARDS_DATA
A1: MEX | B1: Raúl Rangel | C1: Ronwen Williams | D1: Kim Seung-gyu | E1: Matej Kovar | F1: Dayne St. Clair | G1: Gregor Kobel | H1: Mahmoud Abunada | I1: Nikola Vasilj | J1: Alisson | K1: Yassine Bounou | L1: Angus Gunn | M1: Johny Placide | N1: Matt Turner | O1: Roberto Junior Fernández | P1: Mathew Ryan | Q1: Mert Gunok | R1: Manuel Neuer | S1: Eloy Room | T1: Yahia Fofana | U1: Hernán Galíndez | V1: Bart Verbruggen | W1: Zion Suzuki | X1: Mouhib Chamakh | Y1: Jacob Widell Zetterström | Z1: Thibaut Courtois | AA1: Mohamed El-Shenawy | AB1: Alireza Beiranvand | AC1: Max Crocombe | AD1: David Raya | AE1: Sergio Rochet | AF1: Nawaf Al-Aqidi | AG1: Josimar ‘Vozinha’ Dias | AH1: Brice Samba | AI1: Yehvann Diouf | AJ1: Ørjan Håskjold Nyland | AK1: Fahad Talib | AL1: Juan Musso | AM1: Alexander Schlager | AN1: Melvin Mastil | AO1: Yazeed Abulaila | AP1: Diogo Costa | AQ1: David Ospina | AR1: Utkir Yusupov | AS1: Lionel Mpasi | AT1: Jordan Pickford | AU1: Dominik Livakovic | AV1: Lawrence Ati-Zigi | AW1: Luis Mejía
A2: RSA | B2: Carlos Acevedo | C2: Sipho Chaine | D2: Song Bum-keun | E2: Jindrich Stanek | F2: Maxime Crépeau | G2: Yvon Mvogo | H2: Salah Zakaria | I2: Mladen Jurkas | J2: Weverton | K2: Munir El Kajoui | L2: Liam Kelly | M2: Alexandre Pierre | N2: Matt Freese | O2: Orlando Gill | P2: Paul Izzo | Q2: Altay Bayindir | R2: Oliver Baumann | S2: Tyrick Bodak | T2: Mohamed Koné | U2: Moisés Ramírez | V2: Robin Roefs | W2: Keisuke Osako | X2: Aymen Dahmen | Y2: Viktor Johansson | Z2: Senne Lammens | AA2: El Mahdy Soliman | AB2: Payam Niazmand | AC2: Alex Paulsen | AD2: Joan García | AE2: Santiago Mele | AF2: Mohammed Al-Owais | AG2: Marcio da Rosa | AH2: Mike Maignan | AI2: Édouard Mendy | AJ2: Sander Tangvik | AK2: Jalal Hassan | AL2: Gerónimo Rulli | AM2: Florian Wiegele | AN2: Oussama Benbot | AO2: Nour Bani Attiah | AP2: José Sá | AQ2: Camilo Vargas | AR2: Abduvokhid Nematov | AS2: Timothy Fayulu | AT2: Dean Henderson | AU2: Ivor Pandur | AV2: Joseph Anang | AW2: César Samudio
A3: KOR | B3: Guillermo Ochoa | C3: Ricardo Goss | D3: Jo Hyeon-woo | E3: Lukas Hornicek | F3: Owen Goodman | G3: Marvin Keller | H3: Meshaal Barsham | I3: Martin Zlomislic | J3: Ederson | K3: Ahmed Reda Tagnaouti | L3: Craig Gordon | M3: Josué Duverger | N3: Chris Brady | O3: Gastón Oliveira | P3: Patrick Beach | Q3: Ugurcan Cakir | R3: Alexander Nübel | S3: Trevor Doornbusch | T3: Alban Lafont | U3: Gonzalo Valle | V3: Mark Flekken | W3: Tomoki Hayakawa | X3: Sabri Ben Hessen | Y3: Kristoffer Nordfeldt | Z3: Mike Penders | AA3: Mostafa ‘Oufa’ Shobeir | AB3: Seyed Hossein Hosseini | AC3: Michael Woud | AD3: Unai Simón | AE3: Fernando Muslera | AF3: Ahmed Al-Kassar | AG3: Carlos ‘CJ’ Dos Santos | AH3: Robin Risser | AI3: Mory Diaw | AJ3: Egil Selvik | AK3: Ahmed Basil | AL3: Emiliano Martínez | AM3: Patrick Pentz | AN3: Luca Zidane | AO3: Abdallah Al Fakhouri | AP3: Rui Silva | AQ3: Álvaro Montero | AR3: Botirali Ergashev | AS3: Matthieu Epolo | AT3: James Trafford | AU3: Dominik Kotarski | AV3: Benjamin Asare | AW3: Orlando Mosquera
A4: CZE | B4: Jorge Sánchez | C4: Thabang Matuludi | D4: Lee Han-beom | E4: David Zima | F4: Alistair Johnston | G4: Miro Muheim | H4: Pedro Miguel | I4: Nihad Mujakic | J4: Wesley | K4: Achraf Hakimi | L4: Aaron Hickey | M4: Carlens Arcus | N4: Sergiño Dest | O4: Gustavo Velázquez | P4: Milos Degenek | Q4: Zeki Celik | R4: Antonio Rüdiger | S4: Shurandy Sambo | T4: Ousmane Diomandé | U4: Félix Torres | V4: Jurriën Timber | W4: Yukinari Sugawara | X4: Ali Abdi | Y4: Gustaf Lagerbielke | Z4: Zeno Debast | AA4: Mohamed Alaa | AB4: Saleh Hardani | AC4: Tim Payne | AD4: Marc Pubill | AE4: José María Giménez | AF4: Ali Majrashi | AG4: Ianique ‘Stopira’ Tavares | AH4: Malo Gusto | AI4: Mamadou Sarr | AJ4: Kristoffer Ajer | AK4: Rebin Sulaka | AL4: Leonardo Balerdi | AM4: David Affengruber | AN4: Aissa Mandi | AO4: Mohammad Abu Hashish | AP4: Nélson Semedo | AQ4: Daniel Muñoz | AR4: Abdukodir Khusanov | AS4: Aaron Wan-Bissaka | AT4: Ezri Konsa | AU4: Josip Stanisic | AV4: Alidu Seidu | AW4: César Blackman
A5: CAN | B5: César Montes | C5: Khulumani Ndamane | D5: Lee Ki-hyuk | E5: Tomas Holes | F5: Alfie Jones | G5: Silvan Widmer | H5: Lucas Mendes | I5: Dennis Hadzikadunic | J5: Gabriel Magalhães | K5: Noussair Mazraoui | L5: Andy Robertson | M5: Keeto Thermoncy | N5: Chris Richards | O5: Omar Alderete | P5: Alessandro Circati | Q5: Merih Demiral | R5: Waldemar Anton | S5: Juriën Gaari | T5: Ghislain Konan | U5: Piero Hincapié | V5: Virgil van Dijk | W5: Shogo Taniguchi | X5: Montassar Talbi | Y5: Victor Lindelöf | Z5: Arthur Theate | AA5: Yasser Ibrahim | AB5: Ehsan Hajsafi | AC5: Francis de Vries | AD5: Álex Grimaldo | AE5: Sebastián Cáceres | AF5: Ali Lajami | AG5: ‘Diney’ Borges | AH5: Lucas Digne | AI5: Kalidou Koulibaly | AJ5: Leo Østigård | AK5: Hussein Ali | AL5: Nicolás Tagliafico | AM5: Kevin Danso | AN5: Achraf Abada | AO5: Abdallah Nasib | AP5: Rúben Dias | AQ5: Jhon Lucumí | AR5: Khojiakbar Alijonov | AS5: Steve Kapuadi | AT5: Nico O’Reilly | AU5: Marin Pongracic | AV5: Jonas Adjetey | AW5: José Córdoba
A6: SUI | B6: Johan Vásquez | C6: Mbekezeli Mbokazi | D6: Kim Min-jae | E6: Robin Hranac | F6: Luc De Fougerolles | G6: Nico Elvedi | H6: Issa Laye | I6: Tarik Muharemovic | J6: Marquinhos | K6: Nayef Aguerd | L6: Grant Hanley | M6: Ricardo Adé | N6: Antonee Robinson | O6: Juan José Cáceres | P6: Jacob Italiano | Q6: Caglar Soyuncu | R6: Jonathan Tah | S6: Roshon van Eijma | T6: Wilfried Singo | U6: Joel Ordóñez | V6: Nathan Aké | W6: Ko Itakura | X6: Omar Rekik | Y6: Isak Hien | Z6: Brandon Mechele | AA6: Mohamed Hany | AB6: Shoja Khalilzadeh | AC6: Tyler Bindon | AD6: Eric García | AE6: Ronald Araújo | AF6: Abdulelah Al-Amri | AG6: Roberto ‘Pico’ Lopes | AH6: Dayot Upamecano | AI6: Abdoulaye Seck | AJ6: David Møller Wolfe | AK6: Zaid Tahseen | AL6: Gonzalo Montiel | AM6: Stefan Posch | AN6: Mohamed Tougai | AO6: Husam Abu Dahab | AP6: Tomás Araújo | AQ6: Santiago Arias | AR6: Farrukh Sayfiev | AS6: Axel Tuanzebe | AT6: John Stones | AU6: Josko Gvardiol | AV6: Abdul Mumin | AW6: Fidel Escobar
A7: QAT | B7: Israel Reyes | C7: Samukele Kabini | D7: Kim Tae-hyeon | E7: Vladimir Coufal | F7: Joel Waterman | G7: Manuel Akanji | H7: Ayoub Alawi | I7: Sead Kolasinac | J7: Alex Sandro | K7: Zakaria El Ouahdi | L7: Kieran Tierney | M7: Hannes Delcroix | N7: Auston Trusty | O7: Fabián Balbuena | P7: Jordan Bos | Q7: Eren Elmali | R7: Joshua Kimmich | S7: Sherel Floranus | T7: Odilon Kossounou | U7: Willian Pacho | V7: Jan Paul van Hecke | W7: Yuto Nagatomo | X7: Adem Arous | Y7: Gabriel Gudmundsson | Z7: Maxim De Cuyper | AA7: Hossam Abdelmaguid | AB7: Milad Mohammadi | AC7: Michael Boxall | AD7: Marcos Llorente | AE7: Guillermo Varela | AF7: Hassan Al-Tambakti | AG7: Logan Costa | AH7: Jules Koundé | AI7: Ismail Jakobs | AJ7: Fredrik André Bjørkan | AK7: Akam Hashem | AL7: Lisandro Martínez | AM7: David Alaba | AN7: Zineddine Belaid | AO7: Yazan Al Arab | AP7: Diogo Dalot | AQ7: Yerry Mina | AR7: Rustam Ashurmatov | AS7: Dylan Batubinsika | AT7: Marc Guéhi | AU7: Duje Caleta-Car | AV7: Gideon Mensah | AW7: Edgardo Fariña
A8: BIH | B8: Mateo Chávez | C8: Nkosinathi Sibisi | D8: Lee Tae-seok | E8: Stepan Chaloupek | F8: Derek Cornelius | G8: Ricardo Rodriguez | H8: Homam Ahmed | I8: Amar Dedic | J8: Danilo | K8: Issa Diop | L8: Jack Hendry | M8: Martin Expérience | N8: Miles Robinson | O8: Junior Alonso | P8: Jason Geria | Q8: Abdulkerim Bardakci | R8: Nico Schlotterbeck | S8: Armando Obispo | T8: Christopher Opéri | U8: Pervis Estupiñán | V8: Micky van de Ven | W8: Tsuyoshi Watanabe | X8: Dylan Bronn | Y8: Herman Johansson | Z8: Thomas Meunier | AA8: Ramy Rabia | AB8: Hossein Kanaani-Zadegan | AC8: Liberato Cacace | AD8: Pedro Porro | AE8: Mathías Olivera | AF8: Saud Abdulhamid | AG8: João Paulo Fernandes | AH8: Ibrahima Konaté | AI8: Moussa Niakhaté | AJ8: Marcus Holmgren Pedersen | AK8: Manaf Younis | AL8: Cristian Romero | AM8: Philipp Lienhart | AN8: Jaouen Hadjam | AO8: Mohammad Abualnadi | AP8: Matheus Nunes | AQ8: Johan Mojica | AR8: Sherzod Nasrullaev | AS8: Joris Kayembe | AT8: Tino Livramento | AU8: Josip Sutalo | AV8: Baba Rahman | AW8: Jiovany Ramos
A9: BRA | B9: Jesús Gallardo | C9: Khuliso Mudau | D9: Cho Wi-je | E9: Ladislav Krejci | F9: Moïse Bombito | G9: Eray Cömert | H9: Boualem Khoukhi | I9: Nikola Katic | J9: Bremer | K9: Chadi Riad | L9: John Souttar | M9: Duke Lacroix | N9: Tim Ream | O9: José Canale | P9: Kai Trewin | Q9: Ozan Kabak | R9: Nathaniel Brown | S9: Joshua Brenet | T9: Guela Doué | U9: Ángelo Preciado | V9: Denzel Dumfries | W9: Ayumu Seko | X9: Yan Valery | Y9: Daniel Svensson | Z9: Koni De Winter | AA9: Mohamed Abdelmonem | AB9: Aria Yousefi | AC9: Nando Pijnaker | AD9: Aymeric Laporte | AE9: Matías Viña | AF9: Nawaf Boushal | AG9: Sidny Lopes Cabral | AH9: William Saliba | AI9: Antoine Mendy | AJ9: Torbjørn Heggem | AK9: Ahmed Yahya | AL9: Nicolás Otamendi | AM9: Phillipp Mwene | AN9: Rayan Aït-Nouri | AO9: Salim Obaid | AP9: Renato Veiga | AQ9: Willer Ditta | AR9: Umar Eshmurodov | AS9: Aaron Tshibola | AT9: Dan Burn | AU9: Luka Vuskovic | AV9: Jerome Opoku | AW9: Eric Davis
A10: MAR | B10: Edson Álvarez | C10: Ime Okon | D10: Kim Moon-hwan | E10: David Jurasek | F10: Alphonso Davies | G10: Aurèle Amenda | H10: Sultan Al-Brake | I10: Stjepan Radeljic | J10: Léo Pereira | K10: Youssef Belammari | L10: Dominic Hyam | M10: Jean-Kévin Duverne | N10: Alex Freeman | O10: Gustavo Gómez | P10: Aziz Behich | Q10: Mert Muldur | R10: David Raum | S10: Riechedly Bazoer | T10: Emmanuel Agbadou | U10: Jackson Porozo | V10: Jorrel Hato | W10: Hiroki Ito | X10: Mohamed Amine Ben Hmida | Y10: Hjalmar Ekdal | Z10: Joaquin Seys | AA10: Ahmed Fatouh | AB10: Ali Nemati | AC10: Finn Surman | AD10: Pau Cubarsí | AE10: Joaquín Piquerez | AF10: Hassan Kadesh | AG10: Steven Moreira | AH10: Théo Hernández | AI10: El Hadji Malick Diouf | AJ10: Sondre Langås | AK10: Merchas Doski | AL10: Facundo Medina | AM10: Alexander Prass | AN10: Rafik Belghali | AO10: Saed Al-Rosan | AP10: Gonçalo Inácio | AQ10: Deiver Machado | AR10: Abdulla Abdullaev | AS10: Chancel Mbemba | AT10: Reece James | AU10: Martin Erlic | AV10: Kojo Peprah Oppong | AW10: Andrés Andrade
A11: SCO | B11: Erik Lira | C11: Olwethu Makhanya | D11: Park Jin-seob | E11: Jaroslav Zeleny | F11: Richie Laryea | G11: Luca Jaquez | H11: Hashmi Hussein | I11: Nidal Celik | J11: Douglas Santos | K11: Redouane Halhal | L11: Nathan Patterson | M11: Wilguens Paugain | N11: Max Arfsten | O11: Alexandro Maidana | P11: Harry Souttar | Q11: Ferdi Kadioglu | R11: Malick Thiaw | S11: Deveron Fonville | T11: Evan Ndicka | U11: Yaimar Medina | V11: Marten de Roon | W11: Takehiro Tomiyasu | X11: Moutaz Neffati | Y11: Carl Starfelt | Z11: Timothy Castagne | AA11: Karim Hafez | AB11: Ramin Rezaeian | AC11: Callan Elliot | AD11: Marc Cucurella | AE11: Santiago Bueno | AF11: Moteb Al-Harbi | AG11: Wagner Pina | AH11: Lucas Hernández | AI11: Idrissa ‘Gana’ Gueye | AJ11: Henrik Falchener | AK11: Mustafa Saadoon | AL11: Nahuel Molina | AM11: Marco Friedl | AN11: Ramy Bensebaini | AO11: Mohannad Abu Taha | AP11: João Cancelo | AQ11: Davinson Sánchez | AR11: Bekhruz Karimov | AS11: Gédéon Kalulu | AT11: Djed Spence | AU11: Nikola Moro | AV11: Derrick Luckassen | AW11: Michael Amir Murillo
A12: HAI | B12: Luis Romo | C12: Kamogelo Sebelebele | D12: Seol Young-woo | E12: David Doudera | F12: Niko Sigur | G12: Denis Zakaria | H12: Jassem Gaber | I12: Benjamin Tahirovic | J12: Roger Ibañez | K12: Anass Salah-Eddine | L12: Anthony Ralston | M12: Carl Fred Sainté | N12: Mark McKenzie | O12: Diego Gómez | P12: Cameron Burgess | Q12: Kaan Ayhan | R12: Aleksandar Pavlovic | S12: Godfried Roemeratoe | T12: Jean Michaël Seri | U12: Jordy Alcívar | V12: Ryan Gravenberch | W12: Junnosuke Suzuki | X12: Raed Chikhaoui | Y12: Eric Smith | Z12: Nathan Ngoy | AA12: Tarek Alaa | AB12: Danial Eiri | AC12: Tommy Smith | AD12: Mikel Merino | AE12: Juan Manuel Sanabria | AF12: Jehad Thakri | AG12: Kelvin Pires | AH12: Maxence Lacroix | AI12: Pathé Ciss | AJ12: Julian Ryerson | AK12: Frans Putros | AL12: Leandro Paredes | AM12: Michael Svoboda | AN12: Samir Chergui | AO12: Ehsan Haddad | AP12: Nuno Mendes | AQ12: Kevin Castaño | AR12: Avazbek Ulmasaliev | AS12: Arthur Masuaku | AT12: Jarell Quansah | AU12: Mateo Kovacic | AV12: Marvin Senaya | AW12: Roderick Miller
... A26: EGY | B26: Roberto Alvarado | C26: Evidence Makgopa | D26: Eom Ji-sung | E26: Tomas Chory | F26: Marcelo Flores | G26: Cedric Itten | H26: Tahsin Mohammed Jamshid | I26: Jovo Lukic | J26: Rayan | K26: Ayoube Amaimouni | L26: Findlay Curtis | M26: Josué Casimir | N26: Alejandro Zendejas | O26: Isidro Pitta | P26: Tete Yengi | Q26: Oguz Aydin | R26: Deniz Undav | S26: Tahith Chong | T26: Christ Inao Oulaï | U26: Jeremy Arévalo | V26: Crysencio Summerville | W26: Kento Shiogai | X26: Sebastien Tounekti | Y26: Taha Ali | Z26: Matias Fernandez-Pardo | AA26: Ahmed Sayed ‘Zizo’ | AB26: Dennis-Yerai Eckert Ayensa | AC26: Jesse Randall | AD26: Borja Iglesias | AE26: Federico Viñas | AF26: Sultan Mandash | AG26: Helio Varela | AH26: Maghnes Akliouche | AI26: Ibrahim Mbaye | AJ26: Jens Petter Hauge | AK26: Marko Farji | AL26: Lautaro Martínez | AM26: Saša Kalajdžić | AN26: Farès Ghedjemis | AO26: Ali Azaizeh | AP26: Francisco Conceição | AQ26: Carlos Andrés Gómez | AR26: Igor Sergeev | AS26: Simon Banza | AT26: Ivan Toney | AU26: Petar Musa | AV26: Prince Kwabena Adu | AW26: Azarías Londoño
A27: IRN
A28: NZL
A29: ESP
A30: URU
A31: KSA
A32: CPV
A33: FRA
A34: SEN
A35: NOR
A36: IRQ
A37: ARG
A38: AUT
... A48: PAN

Sheet Premios
B2: 🏅 PRONÓSTICOS INDIVIDUALES
C3: Selección | D3: Jugador
B4: 👟 Máximo Goleador | C4: ESP | D4: Ferran Torres
B5: ⭐ MVP del Campeonato | C5: ESP | D5: Lamine Yamal
B7: Elige primero la selección y luego el jugador del desplegable. Guarda y reimporta en la app para cargar tu pronóstico.

Sheet MAP
A1: Match ID | B1: Sheet | C1: Score A / Team Addr | D1: Score B / Player Addr | E1: Penalties
A2: M1 | B2: Fase de Grupos | C2: G4 | D2: I4
A3: M2 | B3: Fase de Grupos | C3: G5 | D3: I5
A4: M25 | B4: Fase de Grupos | C4: G6 | D4: I6
A5: M28 | B5: Fase de Grupos | C5: G7 | D5: I7
A6: M53 | B6: Fase de Grupos | C6: G8 | D6: I8
A7: M54 | B7: Fase de Grupos | C7: G9 | D7: I9
A8: M3 | B8: Fase de Grupos | C8: R4 | D8: T4
A9: M8 | B9: Fase de Grupos | C9: R5 | D9: T5
A10: M26 | B10: Fase de Grupos | C10: R6 | D10: T6
A11: M27 | B11: Fase de Grupos | C11: R7 | D11: T7
A12: M51 | B12: Fase de Grupos | C12: R8 | D12: T8
A13: M52 | B13: Fase de Grupos | C13: R9 | D13: T9
... A73: M68 | B73: Fase de Grupos | C73: AC60 | D73: AE60
A74: R32-01 | B74: Eliminatorias | C74: G5 | D74: I5 | E74: L5
A75: R32-02 | B75: Eliminatorias | C75: G6 | D75: I6 | E75: L6
A76: R32-03 | B76: Eliminatorias | C76: G7 | D76: I7 | E76: L7
A77: R32-04 | B77: Eliminatorias | C77: G8 | D77: I8 | E77: L8
A78: R32-05 | B78: Eliminatorias | C78: G9 | D78: I9 | E78: L9
A79: R32-06 | B79: Eliminatorias | C79: G10 | D79: I10 | E79: L10
A80: R32-07 | B80: Eliminatorias | C80: G11 | D80: I11 | E80: L11
A81: R32-08 | B81: Eliminatorias | C81: G12 | D81: I12 | E81: L12
A82: R32-09 | B82: Eliminatorias | C82: G13 | D82: I13 | E82: L13
A83: R32-10 | B83: Eliminatorias | C83: G14 | D83: I14 | E83: L14
A84: R32-11 | B84: Eliminatorias | C84: G15 | D84: I15 | E84: L15
A85: R32-12 | B85: Eliminatorias | C85: G16 | D85: I16 | E85: L16
... A105: FIN-01 | B105: Eliminatorias | C105: G56 | D105: I56 | E105: L56
A106: TOP_SCORER | B106: Premios | C106: C4 | D106: D4
A107: MVP | B107: Premios | C107: C5 | D107: D5

Sheet Reglas de Puntuación
A1: ★ SISTEMA DE PUNTOS Y REGLAS ★
A2: Categoría / Fase | B2: Concepto | C2: Puntos | D2: Descripción / Ejemplo
A3: Fase de Grupos (Marcador) | B3: Resultado Exacto | C3: +5 | D3: Aciertas el marcador final exacto (ej. Pronóstico 2-1, Resultado 2-1).
B4: Diferencia de Goles | C4: +3 | D4: Aciertas el ganador y la diferencia de goles exacta, pero no el marcador (ej. Pronóstico 3-1, Resultado 2-0).
B5: Signo / Ganador | C5: +2 | D5: Aciertas el ganador o empate, pero no la diferencia ni el marcador (ej. Pronóstico 2-0, Resultado 5-1).
B6: Fallo / Sin Pronóstico | C6: 0 | D6: Ganador incorrecto o partido sin pronosticar.
A7: Eliminatorias (Progresión) | B7: Dieciseisavos (1/16) | C7: +1 / equipo | D7: Puntos por cada equipo real que colocaste correctamente en la ronda de Dieciseisavos.
B8: Octavos de Final (1/8) | C8: +2 / equipo | D8: Puntos por cada equipo real que colocaste correctamente en la ronda de Octavos.
B9: Cuartos de Final (1/4) | C9: +4 / equipo | D9: Puntos por cada equipo real que colocaste correctamente en la ronda de Cuartos.
B10: Semifinales (1/2) | C10: +8 / equipo | D10: Puntos por cada equipo real que colocaste correctamente en la ronda de Semifinales.
B11: Final (Finalistas) | C11: +16 / equipo | D11: Puntos por cada equipo real que colocaste correctamente en la gran Final.
B12: Campeón del Mundo | C12: +32 | D12: Puntos adicionales por acertar la selección campeona absoluta del torneo.
A13: Premios Individuales | B13: Máximo Goleador | C13: +15 | D13: Puntos por acertar el goleador oficial del torneo (Pichichi).
B14: MVP del Campeonato | C14: +15 | D14: Puntos por acertar el mejor jugador (MVP) oficial del torneo.
A16: ★ La puntuación de eliminatorias se calcula dinámicamente según la progresión real de los equipos, no por IDs fijos de partido.
